Wed Aug  5 00:52:09 CDT 2026: 🦁 Autonomous Mesh Daemon starting (interval=1800s)
Wed Aug  5 00:52:09 CDT 2026: ── Starting cycle ──
/data/data/com.termux/files/home/une/meta_hub/aerocement/aerocement/beacon.py:43: SyntaxWarning: "\~" is an invalid escape sequence. Such sequences will not work in the future. Did you mean "\\~"? A raw string is also an option.
  "title": "H-003 radiative-capture headline overstated \~10x (likely decimal/units error)",
/data/data/com.termux/files/home/une/meta_hub/openroot/volumetric/aero-disc/scripts/porous_exchanger_design.py:208: SyntaxWarning: "\~" is an invalid escape sequence. Such sequences will not work in the future. Did you mean "\\~"? A raw string is also an option.
  print("  Rule: NTU past \~5 buys almost nothing but extra ΔP.")
════════════════════════════════════════════════════════════
🦁 AUTONOMOUS MESH ENGINE v1.0 — CYCLE START
   Base: /data/data/com.termux/files/home/une
   Meta Hub: /data/data/com.termux/files/home/une/meta_hub
   Wisdom: /data/data/com.termux/files/home/une/wisdom/error_patterns.json
════════════════════════════════════════════════════════════

── PHASE 1: OBSERVE ──
🔍 SCANNER: Deduplication scan starting...
🔍 DEDUP: Found 40 duplicate groups, 114 redundant files, ~4038KB reclaimable
✅ WISDOM HIT: Pattern already known — duplicate_file
✅ WISDOM HIT: Pattern already known — duplicate_file
✅ WISDOM HIT: Pattern already known — duplicate_file
🧠 LESSON LEARNED: duplicate_file in demo_final.py
   Root cause: Files duplicated across repos: aerocement, openroot
   Prevention rule injected into wisdom scaffold
✅ WISDOM HIT: Pattern already known — duplicate_file
🔍 SCANNER: Syntax scan starting...
❌ SYNTAX ERROR: aerocement/rmh.py:56 — invalid syntax. Perhaps you forgot a comma?
🧠 LESSON LEARNED: syntax_error in rmh.py
   Root cause: SyntaxError: invalid syntax. Perhaps you forgot a comma?
   Prevention rule injected into wisdom scaffold
❌ SYNTAX ERROR: aerocement/scripts/data_logger.py:2 — invalid syntax
✅ WISDOM HIT: Pattern already known — syntax_error
❌ SYNTAX ERROR: aerocement/scripts/data_logger_v03.py:16 — invalid syntax. Is this intended to be part of the string?
✅ WISDOM HIT: Pattern already known — syntax_error
❌ SYNTAX ERROR: aerocement/une-dev/test_une_fixed.py:19 — invalid syntax. Perhaps you forgot a comma?
✅ WISDOM HIT: Pattern already known — syntax_error
❌ SYNTAX ERROR: agape-coordination/agape_engine.py:57 — invalid syntax. Is this intended to be part of the string?
✅ WISDOM HIT: Pattern already known — syntax_error
❌ SYNTAX ERROR: agape-coordination/swarm_core_v3.py:41 — invalid syntax
✅ WISDOM HIT: Pattern already known — syntax_error
❌ SYNTAX ERROR: OpenCell-Thermal-System/1_code/src/pdf-comp.py:1 — invalid syntax
✅ WISDOM HIT: Pattern already known — syntax_error
❌ SYNTAX ERROR: OpenCell-Thermal-System/1_code/src/pdf-compile.py:1 — invalid syntax
✅ WISDOM HIT: Pattern already known — syntax_error
❌ SYNTAX ERROR: openroot/test_configs.py:6 — invalid syntax. Is this intended to be part of the string?
✅ WISDOM HIT: Pattern already known — syntax_error
❌ SYNTAX ERROR: openroot/bin/acre_mint_claim.py:13 — invalid syntax. Is this intended to be part of the string?
✅ WISDOM HIT: Pattern already known — syntax_error
❌ SYNTAX ERROR: openroot/bin/auto_sensor_capture.py:14 — invalid syntax. Is this intended to be part of the string?
✅ WISDOM HIT: Pattern already known — syntax_error
❌ SYNTAX ERROR: openroot/bin/embed_docs.py:7 — invalid syntax. Perhaps you forgot a comma?
✅ WISDOM HIT: Pattern already known — syntax_error
❌ SYNTAX ERROR: openroot/bin/h003_resonant_solver.py:348 — invalid decimal literal
✅ WISDOM HIT: Pattern already known — syntax_error
❌ SYNTAX ERROR: openroot/bin/instrument_ledger.py:15 — invalid syntax. Is this intended to be part of the string?
✅ WISDOM HIT: Pattern already known — syntax_error
❌ SYNTAX ERROR: openroot/bin/offline_rank.py:6 — invalid syntax. Perhaps you forgot a comma?
✅ WISDOM HIT: Pattern already known — syntax_error
❌ SYNTAX ERROR: openroot/bin/offline_writer.py:12 — invalid syntax. Perhaps you forgot a comma?
✅ WISDOM HIT: Pattern already known — syntax_error
❌ SYNTAX ERROR: openroot/bin/orphan_cleanup.py:16 — invalid syntax. Is this intended to be part of the string?
✅ WISDOM HIT: Pattern already known — syntax_error
❌ SYNTAX ERROR: openroot/bin/query_agent.py:12 — invalid syntax. Perhaps you forgot a comma?
✅ WISDOM HIT: Pattern already known — syntax_error
❌ SYNTAX ERROR: openroot/bin/thermal_v62_balanced.py:300 — invalid syntax. Perhaps you forgot a comma?
✅ WISDOM HIT: Pattern already known — syntax_error
❌ SYNTAX ERROR: openroot/bin/vecquery.py:8 — invalid syntax. Perhaps you forgot a comma?
✅ WISDOM HIT: Pattern already known — syntax_error
❌ SYNTAX ERROR: openroot/context_bridge/absorb_full_session.py:5 — invalid syntax
✅ WISDOM HIT: Pattern already known — syntax_error
❌ SYNTAX ERROR: openroot/context_bridge/absorb_now.py:5 — invalid syntax
✅ WISDOM HIT: Pattern already known — syntax_error
❌ SYNTAX ERROR: openroot/context_bridge/absorb_to_wisdom.py:5 — invalid syntax
✅ WISDOM HIT: Pattern already known — syntax_error
❌ SYNTAX ERROR: openroot/context_bridge/openroot_state.py:11 — invalid syntax. Perhaps you forgot a comma?
✅ WISDOM HIT: Pattern already known — syntax_error
❌ SYNTAX ERROR: openroot/lattice/meta_mesh_engine.py:17 — invalid syntax. Is this intended to be part of the string?
✅ WISDOM HIT: Pattern already known — syntax_error
❌ SYNTAX ERROR: openroot/ledger/cpu_joules.py:5 — invalid syntax
✅ WISDOM HIT: Pattern already known — syntax_error
❌ SYNTAX ERROR: openroot/ledger/merkle_joule_ledger.py:12 — invalid syntax. Perhaps you forgot a comma?
✅ WISDOM HIT: Pattern already known — syntax_error
❌ SYNTAX ERROR: openroot/ledger/state_and_viz.py:6 — invalid syntax
✅ WISDOM HIT: Pattern already known — syntax_error
❌ SYNTAX ERROR: openroot/ledger/thermo_ledger.py:4 — invalid syntax
✅ WISDOM HIT: Pattern already known — syntax_error
❌ SYNTAX ERROR: openroot/ledger/thermo_ledger_sqlite.py:5 — invalid syntax
✅ WISDOM HIT: Pattern already known — syntax_error
❌ SYNTAX ERROR: renaissance-protocol/src/log_temp.py:1 — invalid syntax
✅ WISDOM HIT: Pattern already known — syntax_error
❌ SYNTAX ERROR: une/absorb_batch.py:90 — invalid syntax. Is this intended to be part of the string?
✅ WISDOM HIT: Pattern already known — syntax_error
❌ SYNTAX ERROR: une/alchemy_transmute.py:115 — invalid syntax. Perhaps you forgot a comma?
✅ WISDOM HIT: Pattern already known — syntax_error
❌ SYNTAX ERROR: une/apply_all.py:77 — invalid syntax. Perhaps you forgot a comma?
✅ WISDOM HIT: Pattern already known — syntax_error
❌ SYNTAX ERROR: une/build_final.py:7 — invalid syntax. Perhaps you forgot a comma?
✅ WISDOM HIT: Pattern already known — syntax_error
❌ SYNTAX ERROR: une/bulk_migrate.py:6 — invalid syntax. Perhaps you forgot a comma?
✅ WISDOM HIT: Pattern already known — syntax_error
❌ SYNTAX ERROR: une/cleanup_final.py:6 — invalid syntax. Perhaps you forgot a comma?
✅ WISDOM HIT: Pattern already known — syntax_error
❌ SYNTAX ERROR: une/create_scripture_corpus.py:1039 — '{' was never closed
✅ WISDOM HIT: Pattern already known — syntax_error
❌ SYNTAX ERROR: une/evolution_engine.py:9 — invalid syntax. Is this intended to be part of the string?
✅ WISDOM HIT: Pattern already known — syntax_error
❌ SYNTAX ERROR: une/final_fix.py:6 — invalid syntax. Perhaps you forgot a comma?
✅ WISDOM HIT: Pattern already known — syntax_error
❌ SYNTAX ERROR: une/fix_all_issues.py:6 — invalid syntax. Perhaps you forgot a comma?
✅ WISDOM HIT: Pattern already known — syntax_error
❌ SYNTAX ERROR: une/fix_round2.py:6 — invalid syntax. Perhaps you forgot a comma?
✅ WISDOM HIT: Pattern already known — syntax_error
❌ SYNTAX ERROR: une/guardian.py:21 — invalid syntax. Is this intended to be part of the string?
✅ WISDOM HIT: Pattern already known — syntax_error
❌ SYNTAX ERROR: une/guardian_v4.py:12 — invalid syntax. Is this intended to be part of the string?
✅ WISDOM HIT: Pattern already known — syntax_error
❌ SYNTAX ERROR: une/kernel_init.py:10 — invalid syntax. Is this intended to be part of the string?
✅ WISDOM HIT: Pattern already known — syntax_error
❌ SYNTAX ERROR: une/last_fix.py:6 — invalid syntax. Perhaps you forgot a comma?
✅ WISDOM HIT: Pattern already known — syntax_error
❌ SYNTAX ERROR: une/note.py:6 — invalid syntax. Is this intended to be part of the string?
✅ WISDOM HIT: Pattern already known — syntax_error
❌ SYNTAX ERROR: une/repair_imports.py:6 — invalid syntax. Perhaps you forgot a comma?
✅ WISDOM HIT: Pattern already known — syntax_error
❌ SYNTAX ERROR: une/self_clone.py:10 — invalid syntax
✅ WISDOM HIT: Pattern already known — syntax_error
❌ SYNTAX ERROR: une/snapshot.py:15 — invalid syntax. Perhaps you forgot a comma?
✅ WISDOM HIT: Pattern already known — syntax_error
❌ SYNTAX ERROR: une/swarm_query.py:31 — invalid syntax
✅ WISDOM HIT: Pattern already known — syntax_error
❌ SYNTAX ERROR: une/ultimate_fix.py:6 — invalid syntax. Perhaps you forgot a comma?
✅ WISDOM HIT: Pattern already known — syntax_error
❌ SYNTAX ERROR: une/wire_core.py:13 — invalid syntax. Perhaps you forgot a comma?
✅ WISDOM HIT: Pattern already known — syntax_error
❌ SYNTAX ERROR: une/computational_flow/atomic_scan.py:17 — invalid syntax. Perhaps you forgot a comma?
✅ WISDOM HIT: Pattern already known — syntax_error
❌ SYNTAX ERROR: une/computational_flow/extract_seed.py:41 — invalid syntax. Perhaps you forgot a comma?
✅ WISDOM HIT: Pattern already known — syntax_error
❌ SYNTAX ERROR: une/computational_flow/fs_hook.py:14 — invalid syntax. Perhaps you forgot a comma?
✅ WISDOM HIT: Pattern already known — syntax_error
❌ SYNTAX ERROR: une/computational_flow/push_proof.py:17 — invalid syntax
✅ WISDOM HIT: Pattern already known — syntax_error
❌ SYNTAX ERROR: une/tools/stream_of_thought.py:14 — invalid syntax. Is this intended to be part of the string?
✅ WISDOM HIT: Pattern already known — syntax_error
❌ SYNTAX ERROR: wisdom-scaffold/computational_flow/fusion_core.py:58 — invalid syntax. Is this intended to be part of the string?
✅ WISDOM HIT: Pattern already known — syntax_error
❌ SYNTAX ERROR: wisdom-scaffold/computational_flow/fusion_sensor_wrapper.py:43 — invalid syntax. Perhaps you forgot a comma?
✅ WISDOM HIT: Pattern already known — syntax_error
🔍 SYNTAX: Found 60 syntax errors
🔍 SCANNER: Hardcoded path scan starting...
🔍 PATHS: Found 363 hardcoded path references
✅ WISDOM HIT: Pattern already known — hardcoded_path
✅ WISDOM HIT: Pattern already known — hardcoded_path
✅ WISDOM HIT: Pattern already known — hardcoded_path
✅ WISDOM HIT: Pattern already known — hardcoded_path
✅ WISDOM HIT: Pattern already known — hardcoded_path
🔍 SCANNER: Contributions bloat scan starting...
🔍 CONTRIBUTIONS: 6 files, 1 can be pruned
✅ WISDOM HIT: Pattern already known — contributions_bloat

── PHASE 2: DIAGNOSE ──
   Total problems found: 423
   Lessons learned: 2
   Known patterns blocked: 69

── PHASE 3: MUTATE ──
🔧 MUTATION: Deduplication fix starting...
  🔗 LINKED: aerocement/data/.gitkeep → une/une/__init__.py
  🔗 LINKED: OpenCell-Thermal-System/0_data/raw/raw_data.csv → une/une/__init__.py
  🔗 LINKED: OpenCell-Thermal-System/docs/specifications/permissions-audit.txt → une/une/__init__.py
  🔗 LINKED: openroot/relay/input.txt → une/une/__init__.py
  🔗 LINKED: openroot-spoke-template/bom/.gitkeep → une/une/__init__.py
  🔗 LINKED: openroot-spoke-template/cad/.gitkeep → une/une/__init__.py
  🔗 LINKED: openroot-spoke-template/docs/.gitkeep → une/une/__init__.py
  🔗 LINKED: openroot-spoke-template/src/.gitkeep → une/une/__init__.py
  🔗 LINKED: renaissance-protocol/docs/case_studies/README.md → une/une/__init__.py
  🔗 LINKED: renaissance-protocol/docs/engineering/README.md → une/une/__init__.py
  🔗 LINKED: renaissance-protocol/hardware/hho/README.md → une/une/__init__.py
  🔗 LINKED: renaissance-protocol/hardware/labyrinth/README.md → une/une/__init__.py
  🔗 LINKED: renaissance-protocol/hardware/panels/README.md → une/une/__init__.py
  🔗 LINKED: renaissance-protocol/hardware/stirling/README.md → une/une/__init__.py
  🔗 LINKED: renaissance-protocol/hardware/welder/HHO_Electrolysis_Module.md → une/une/__init__.py
  🔗 LINKED: renaissance-protocol/library/volumes/README.md → une/une/__init__.py
  🔗 LINKED: renaissance-protocol/src/README.md → une/une/__init__.py
  🔗 LINKED: wisdom-scaffold/--body → une/une/__init__.py
  🔗 LINKED: wisdom-scaffold/--label → une/une/__init__.py
  🔗 LINKED: wisdom-scaffold/--repo → une/une/__init__.py
  🔗 LINKED: wisdom-scaffold/--title → une/une/__init__.py
  🔗 LINKED: openroot/recovered_blueprints/une_h003_capture.sh → aerocement/observations/une_h003_capture.sh
  🔗 LINKED: openroot/computational_flow/tasks/task_h003.json → aerocement/swarm/tasks/task_h003.json
  🔗 LINKED: openroot/une_protocol/demo_final.py → aerocement/une-dev/demo_final.py
  🔗 LINKED: openroot/recovered_blueprints/une_server_old.py → aerocement/une-dev/une_server_old.py
  🔗 LINKED: aerocement/contributions/meta_upgrade_20260805_000209.py → aerocement/contributions/meta_upgrade_20260804_235501.py
  🔗 LINKED: aerocement/contributions/meta_upgrade_20260805_003528.py → aerocement/contributions/meta_upgrade_20260804_235501.py
  🔗 LINKED: aerocement/contributions/meta_upgrade_20260805_003724.py → aerocement/contributions/meta_upgrade_20260804_235501.py
  🔗 LINKED: aerocement-/.gitignore → agape-une/.gitignore
  🔗 LINKED: agape-coordination/.gitignore → agape-une/.gitignore
  🔗 LINKED: black-locust-rmh/.gitignore → agape-une/.gitignore
  🔗 LINKED: civilization2.0/.gitignore → agape-une/.gitignore
  🔗 LINKED: open-cell-thermal-open-cell-the/.gitignore → agape-une/.gitignore
  🔗 LINKED: OpenCell-Thermal-System/.gitignore → agape-une/.gitignore
  🔗 LINKED: wisdom-scaffold/.gitignore → agape-une/.gitignore
  🔗 LINKED: aerocement-/LICENSE → agape-une/LICENSE
  🔗 LINKED: AeroCement_Ecosystem/LICENSE → agape-une/LICENSE
  🔗 LINKED: agape-coordination/LICENSE → agape-une/LICENSE
  🔗 LINKED: black-locust-rmh/LICENSE → agape-une/LICENSE
  🔗 LINKED: civilization2.0/LICENSE → agape-une/LICENSE
  🔗 LINKED: jesseray718/LICENSE → agape-une/LICENSE
  🔗 LINKED: open-cell-thermal-open-cell-the/LICENSE → agape-une/LICENSE
  🔗 LINKED: aerocement-/contributions/meta_upgrade_20260805_000210.py → aerocement-/contributions/meta_upgrade_20260804_235502.py
  🔗 LINKED: aerocement-/contributions/meta_upgrade_20260805_003529.py → aerocement-/contributions/meta_upgrade_20260804_235502.py
  🔗 LINKED: aerocement-/contributions/meta_upgrade_20260805_003725.py → aerocement-/contributions/meta_upgrade_20260804_235502.py
  🔗 LINKED: AeroCement_Ecosystem/contributions/meta_upgrade_20260805_000206.py → AeroCement_Ecosystem/contributions/meta_upgrade_20260804_235457.py
  🔗 LINKED: AeroCement_Ecosystem/contributions/meta_upgrade_20260805_003525.py → AeroCement_Ecosystem/contributions/meta_upgrade_20260804_235457.py
  🔗 LINKED: AeroCement_Ecosystem/contributions/meta_upgrade_20260805_003721.py → AeroCement_Ecosystem/contributions/meta_upgrade_20260804_235457.py
  🔗 LINKED: agape-coordination/AGAPE_THESIS.md → une/AGAPE_THESIS.md
  🔗 LINKED: une/computational_flow/agape_stress_test.py → agape-coordination/agape_stress_test.py
  🔗 LINKED: une/computational_flow/cosmic_query_engine.py → agape-coordination/cosmic_query_engine.py
  🔗 LINKED: une/computational_flow/thermal_cascade_optimizer.py → agape-coordination/thermal_cascade_optimizer.py
  🔗 LINKED: agape-coordination/contributions/meta_upgrade_20260805_000211.py → agape-coordination/contributions/meta_upgrade_20260804_235503.py
  🔗 LINKED: agape-coordination/contributions/meta_upgrade_20260805_003530.py → agape-coordination/contributions/meta_upgrade_20260804_235503.py
  🔗 LINKED: agape-coordination/contributions/meta_upgrade_20260805_003726.py → agape-coordination/contributions/meta_upgrade_20260804_235503.py
  🔗 LINKED: agape-une/contributions/meta_upgrade_20260805_000212.py → agape-une/contributions/meta_upgrade_20260804_235504.py
  🔗 LINKED: agape-une/contributions/meta_upgrade_20260805_003531.py → agape-une/contributions/meta_upgrade_20260804_235504.py
  🔗 LINKED: agape-une/contributions/meta_upgrade_20260805_003727.py → agape-une/contributions/meta_upgrade_20260804_235504.py
  🔗 LINKED: black-locust-rmh/handbook_energy_DV.GEN.BL.RMH.001.md → black-locust-rmh/DV.GEN.BL.RMH.001.md
  🔗 LINKED: black-locust-rmh/handbook/energy/DV.GEN.BL.RMH.001.md → black-locust-rmh/DV.GEN.BL.RMH.001.md
  🔗 LINKED: black-locust-rmh/contributions/meta_upgrade_20260805_000214.py → black-locust-rmh/contributions/meta_upgrade_20260804_235506.py
  🔗 LINKED: black-locust-rmh/contributions/meta_upgrade_20260805_003533.py → black-locust-rmh/contributions/meta_upgrade_20260804_235506.py
  🔗 LINKED: black-locust-rmh/contributions/meta_upgrade_20260805_003729.py → black-locust-rmh/contributions/meta_upgrade_20260804_235506.py
  🔗 LINKED: civilization2.0/contributions/meta_upgrade_20260805_000215.py → civilization2.0/contributions/meta_upgrade_20260804_235507.py
  🔗 LINKED: civilization2.0/contributions/meta_upgrade_20260805_003534.py → civilization2.0/contributions/meta_upgrade_20260804_235507.py
  🔗 LINKED: civilization2.0/contributions/meta_upgrade_20260805_003730.py → civilization2.0/contributions/meta_upgrade_20260804_235507.py
  🔗 LINKED: jesseray718/contributions/meta_upgrade_20260805_000217.py → jesseray718/contributions/meta_upgrade_20260804_235508.py
  🔗 LINKED: jesseray718/contributions/meta_upgrade_20260805_003535.py → jesseray718/contributions/meta_upgrade_20260804_235508.py
  🔗 LINKED: jesseray718/contributions/meta_upgrade_20260805_003731.py → jesseray718/contributions/meta_upgrade_20260804_235508.py
  🔗 LINKED: open-cell-thermal-open-cell-the/contributions/meta_upgrade_20260805_000219.py → open-cell-thermal-open-cell-the/contributions/meta_upgrade_20260804_235510.py
  🔗 LINKED: open-cell-thermal-open-cell-the/contributions/meta_upgrade_20260805_003536.py → open-cell-thermal-open-cell-the/contributions/meta_upgrade_20260804_235510.py
  🔗 LINKED: open-cell-thermal-open-cell-the/contributions/meta_upgrade_20260805_003732.py → open-cell-thermal-open-cell-the/contributions/meta_upgrade_20260804_235510.py
  🔗 LINKED: OpenCell-Thermal-System/docs/manuscript/nifa-application.md → OpenCell-Thermal-System/nifa-application.md
  🔗 LINKED: OpenCell-Thermal-System/1_code/src/pdf-compile.py → OpenCell-Thermal-System/1_code/src/pdf-comp.py
  🔗 LINKED: renaissance-protocol/library/volumes/06_ENTROPY_LEARNING/entropy_learnjng.md → OpenCell-Thermal-System/docs/manuscript/File: 06_ENTROPY_LEARNING.md
  🔗 LINKED: OpenCell-Thermal-System/contributions/meta_upgrade_20260805_000208.py → OpenCell-Thermal-System/contributions/meta_upgrade_20260804_235459.py
  🔗 LINKED: OpenCell-Thermal-System/contributions/meta_upgrade_20260805_003526.py → OpenCell-Thermal-System/contributions/meta_upgrade_20260804_235459.py
  🔗 LINKED: OpenCell-Thermal-System/contributions/meta_upgrade_20260805_003722.py → OpenCell-Thermal-System/contributions/meta_upgrade_20260804_235459.py
  🔗 LINKED: openroot/.github/copilot-instructions.md → une/docs/copilot-instructions.md
  🔗 LINKED: openroot/docs/copilot-instructions.md → une/docs/copilot-instructions.md
  🔗 LINKED: openroot/computational_flow/queue/task_2_queue.json.aiq_output → openroot/computational_flow/queue/task_1_queue.json.aiq_output
  🔗 LINKED: openroot/computational_flow/queue/task_3_queue.json.aiq_output → openroot/computational_flow/queue/task_1_queue.json.aiq_output
  🔗 LINKED: openroot/computational_flow/queue/task_4_queue.json.aiq_output → openroot/computational_flow/queue/task_1_queue.json.aiq_output
  🔗 LINKED: openroot/context_bridge/foundation_map_20260726_183722.json → openroot/context_bridge/foundation_map.json
  🔗 LINKED: openroot/context_bridge/foundation_map_20260726_185316.json → openroot/context_bridge/foundation_map.json
  🔗 LINKED: openroot/dist/publication/state.md → openroot/docs/context/state.md
  🔗 LINKED: openroot/docs/public-validation/THERMAL-CASCADE-VETIFICATION.md → openroot/dist/zenodo-upload/THERMAL-CASCADE-VETIFICATION.md
  🔗 LINKED: openroot/recovered_blueprints/050_hive_bridge.json → openroot/dump/chunks/050_hive_bridge.json
  🔗 LINKED: openroot/swarm/audits/jesseray718_20260717_041221/metrics.csv → openroot/swarm/audits/jesseray718_20260717_040954/metrics.csv
  🔗 LINKED: openroot/swarm/audits/jesseray718_20260717_041414/metrics.csv → openroot/swarm/audits/jesseray718_20260717_040954/metrics.csv
  🔗 LINKED: openroot/swarm/audits/jesseray718_20260717_041625/metrics.csv → openroot/swarm/audits/jesseray718_20260717_040954/metrics.csv
  🔗 LINKED: openroot/swarm/audits/jesseray718_20260717_042458/metrics.csv → openroot/swarm/audits/jesseray718_20260717_040954/metrics.csv
  🔗 LINKED: openroot/swarm/audits/jesseray718_20260717_042849/metrics.csv → openroot/swarm/audits/jesseray718_20260717_040954/metrics.csv
  🔗 LINKED: openroot/swarm/audits/jesseray718_20260717_043146/metrics.csv → openroot/swarm/audits/jesseray718_20260717_040954/metrics.csv
  🔗 LINKED: openroot/contributions/meta_upgrade_20260805_000223.py → openroot/contributions/meta_upgrade_20260804_235515.py
  🔗 LINKED: openroot/contributions/meta_upgrade_20260805_003542.py → openroot/contributions/meta_upgrade_20260804_235515.py
  🔗 LINKED: openroot/contributions/meta_upgrade_20260805_003737.py → openroot/contributions/meta_upgrade_20260804_235515.py
  🔗 LINKED: openroot-spoke-template/contributions/meta_upgrade_20260805_000225.py → openroot-spoke-template/contributions/meta_upgrade_20260804_235517.py
  🔗 LINKED: openroot-spoke-template/contributions/meta_upgrade_20260805_003543.py → openroot-spoke-template/contributions/meta_upgrade_20260804_235517.py
  🔗 LINKED: openroot-spoke-template/contributions/meta_upgrade_20260805_003739.py → openroot-spoke-template/contributions/meta_upgrade_20260804_235517.py
  🔗 LINKED: renaissance-protocol/library/volumes/06_ENTROPY_LEARNING/scripts/kai_unknown → renaissance-protocol/library/volumes/06_ENTROPY_LEARNING/scripts/joy_log.py
  🔗 LINKED: renaissance-protocol/contributions/meta_upgrade_20260805_000227.py → renaissance-protocol/contributions/meta_upgrade_20260804_235519.py
  🔗 LINKED: renaissance-protocol/contributions/meta_upgrade_20260805_003545.py → renaissance-protocol/contributions/meta_upgrade_20260804_235519.py
  🔗 LINKED: renaissance-protocol/contributions/meta_upgrade_20260805_003740.py → renaissance-protocol/contributions/meta_upgrade_20260804_235519.py
  🔗 LINKED: skills-introduction-to-github/contributions/meta_upgrade_20260805_000227.py → skills-introduction-to-github/contributions/meta_upgrade_20260804_235520.py
  🔗 LINKED: skills-introduction-to-github/contributions/meta_upgrade_20260805_003545.py → skills-introduction-to-github/contributions/meta_upgrade_20260804_235520.py
  🔗 LINKED: skills-introduction-to-github/contributions/meta_upgrade_20260805_003741.py → skills-introduction-to-github/contributions/meta_upgrade_20260804_235520.py
  🔗 LINKED: wisdom-scaffold/computational_flow/drill_scheduler.sh → une/computational_flow/drill_scheduler.sh
  🔗 LINKED: une/contributions/meta_upgrade_20260805_000229.py → une/contributions/meta_upgrade_20260804_235522.py
  🔗 LINKED: une/contributions/meta_upgrade_20260805_003547.py → une/contributions/meta_upgrade_20260804_235522.py
  🔗 LINKED: une/contributions/meta_upgrade_20260805_003742.py → une/contributions/meta_upgrade_20260804_235522.py
  🔗 LINKED: wisdom-scaffold/contributions/meta_upgrade_20260805_000231.py → wisdom-scaffold/contributions/meta_upgrade_20260804_235525.py
  🔗 LINKED: wisdom-scaffold/contributions/meta_upgrade_20260805_003549.py → wisdom-scaffold/contributions/meta_upgrade_20260804_235525.py
  🔗 LINKED: wisdom-scaffold/contributions/meta_upgrade_20260805_003744.py → wisdom-scaffold/contributions/meta_upgrade_20260804_235525.py
🔧 DEDUP: Consolidated 114 files into symlinks
🔧 MUTATION: Syntax fix starting...
🔧 SYNTAX: Fixed 0/60 errors
🔧 MUTATION: Hardcoded path fix starting...
🔧 PATHS: Fixed 0/363 hardcoded paths
🔧 MUTATION: Pruning old contributions...
🔧 PRUNED: 1 old contribution files

── PHASE 4: EVOLVE ──
🧬 EVOLUTION: Generating self-improvement patch...
🧬 EVOLUTION: Patch /data/data/com.termux/files/home/une/contributions/auto_evolution_20260805_005211.py generated and verified

── PHASE 5: PRACTICE ──
🔁 PRACTICE: Testing previous evolution patches...
🔁 PRACTICE: 6 passed, 0 failed out of 6 tested

── PHASE 6: SNAPSHOT ──
📸 SNAPSHOT: Capturing post-cycle state...
📸 SNAPSHOT: Saved to /data/data/com.termux/files/home/une/autonomous_snapshot.json

════════════════════════════════════════════════════════════
🏆 CYCLE COMPLETE
   Files scanned: 1392
   Problems found: 423
   Problems fixed: 115
   Lessons learned: 2
   Wisdom patterns blocked: 69
   Evolution patches generated: 1
   Fix rate: 27.2%
════════════════════════════════════════════════════════════
📋 Report saved: /data/data/com.termux/files/home/une/autonomous_report.json
Wed Aug  5 00:52:14 CDT 2026: ── Cycle complete, sleeping 1800s ──
Wed Aug  5 00:52:57 CDT 2026: 🦁 Autonomous Mesh Daemon starting (interval=1800s)
Wed Aug  5 00:52:57 CDT 2026: ── Starting cycle ──
/data/data/com.termux/files/home/une/meta_hub/aerocement/aerocement/beacon.py:43: SyntaxWarning: "\~" is an invalid escape sequence. Such sequences will not work in the future. Did you mean "\\~"? A raw string is also an option.
  "title": "H-003 radiative-capture headline overstated \~10x (likely decimal/units error)",
/data/data/com.termux/files/home/une/meta_hub/openroot/volumetric/aero-disc/scripts/porous_exchanger_design.py:208: SyntaxWarning: "\~" is an invalid escape sequence. Such sequences will not work in the future. Did you mean "\\~"? A raw string is also an option.
  print("  Rule: NTU past \~5 buys almost nothing but extra ΔP.")
════════════════════════════════════════════════════════════
🦁 AUTONOMOUS MESH ENGINE v1.0 — CYCLE START
   Base: /data/data/com.termux/files/home/une
   Meta Hub: /data/data/com.termux/files/home/une/meta_hub
   Wisdom: /data/data/com.termux/files/home/une/wisdom/error_patterns.json
════════════════════════════════════════════════════════════

── PHASE 1: OBSERVE ──
🔍 SCANNER: Deduplication scan starting...
🔍 DEDUP: Found 40 duplicate groups, 114 redundant files, ~4038KB reclaimable
✅ WISDOM HIT: Pattern already known — duplicate_file
✅ WISDOM HIT: Pattern already known — duplicate_file
✅ WISDOM HIT: Pattern already known — duplicate_file
✅ WISDOM HIT: Pattern already known — duplicate_file
✅ WISDOM HIT: Pattern already known — duplicate_file
🔍 SCANNER: Syntax scan starting...
❌ SYNTAX ERROR: aerocement/rmh.py:56 — invalid syntax. Perhaps you forgot a comma?
✅ WISDOM HIT: Pattern already known — syntax_error
❌ SYNTAX ERROR: aerocement/scripts/data_logger.py:2 — invalid syntax
✅ WISDOM HIT: Pattern already known — syntax_error
❌ SYNTAX ERROR: aerocement/scripts/data_logger_v03.py:16 — invalid syntax. Is this intended to be part of the string?
✅ WISDOM HIT: Pattern already known — syntax_error
❌ SYNTAX ERROR: aerocement/une-dev/test_une_fixed.py:19 — invalid syntax. Perhaps you forgot a comma?
✅ WISDOM HIT: Pattern already known — syntax_error
❌ SYNTAX ERROR: agape-coordination/agape_engine.py:57 — invalid syntax. Is this intended to be part of the string?
✅ WISDOM HIT: Pattern already known — syntax_error
❌ SYNTAX ERROR: agape-coordination/swarm_core_v3.py:41 — invalid syntax
✅ WISDOM HIT: Pattern already known — syntax_error
❌ SYNTAX ERROR: OpenCell-Thermal-System/1_code/src/pdf-comp.py:1 — invalid syntax
✅ WISDOM HIT: Pattern already known — syntax_error
❌ SYNTAX ERROR: OpenCell-Thermal-System/1_code/src/pdf-compile.py:1 — invalid syntax
✅ WISDOM HIT: Pattern already known — syntax_error
❌ SYNTAX ERROR: openroot/test_configs.py:6 — invalid syntax. Is this intended to be part of the string?
✅ WISDOM HIT: Pattern already known — syntax_error
❌ SYNTAX ERROR: openroot/bin/acre_mint_claim.py:13 — invalid syntax. Is this intended to be part of the string?
✅ WISDOM HIT: Pattern already known — syntax_error
❌ SYNTAX ERROR: openroot/bin/auto_sensor_capture.py:14 — invalid syntax. Is this intended to be part of the string?
✅ WISDOM HIT: Pattern already known — syntax_error
❌ SYNTAX ERROR: openroot/bin/embed_docs.py:7 — invalid syntax. Perhaps you forgot a comma?
✅ WISDOM HIT: Pattern already known — syntax_error
❌ SYNTAX ERROR: openroot/bin/h003_resonant_solver.py:348 — invalid decimal literal
✅ WISDOM HIT: Pattern already known — syntax_error
❌ SYNTAX ERROR: openroot/bin/instrument_ledger.py:15 — invalid syntax. Is this intended to be part of the string?
✅ WISDOM HIT: Pattern already known — syntax_error
❌ SYNTAX ERROR: openroot/bin/offline_rank.py:6 — invalid syntax. Perhaps you forgot a comma?
✅ WISDOM HIT: Pattern already known — syntax_error
❌ SYNTAX ERROR: openroot/bin/offline_writer.py:12 — invalid syntax. Perhaps you forgot a comma?
✅ WISDOM HIT: Pattern already known — syntax_error
❌ SYNTAX ERROR: openroot/bin/orphan_cleanup.py:16 — invalid syntax. Is this intended to be part of the string?
✅ WISDOM HIT: Pattern already known — syntax_error
❌ SYNTAX ERROR: openroot/bin/query_agent.py:12 — invalid syntax. Perhaps you forgot a comma?
✅ WISDOM HIT: Pattern already known — syntax_error
❌ SYNTAX ERROR: openroot/bin/thermal_v62_balanced.py:300 — invalid syntax. Perhaps you forgot a comma?
✅ WISDOM HIT: Pattern already known — syntax_error
❌ SYNTAX ERROR: openroot/bin/vecquery.py:8 — invalid syntax. Perhaps you forgot a comma?
✅ WISDOM HIT: Pattern already known — syntax_error
❌ SYNTAX ERROR: openroot/context_bridge/absorb_full_session.py:5 — invalid syntax
✅ WISDOM HIT: Pattern already known — syntax_error
❌ SYNTAX ERROR: openroot/context_bridge/absorb_now.py:5 — invalid syntax
✅ WISDOM HIT: Pattern already known — syntax_error
❌ SYNTAX ERROR: openroot/context_bridge/absorb_to_wisdom.py:5 — invalid syntax
✅ WISDOM HIT: Pattern already known — syntax_error
❌ SYNTAX ERROR: openroot/context_bridge/openroot_state.py:11 — invalid syntax. Perhaps you forgot a comma?
✅ WISDOM HIT: Pattern already known — syntax_error
❌ SYNTAX ERROR: openroot/lattice/meta_mesh_engine.py:17 — invalid syntax. Is this intended to be part of the string?
✅ WISDOM HIT: Pattern already known — syntax_error
❌ SYNTAX ERROR: openroot/ledger/cpu_joules.py:5 — invalid syntax
✅ WISDOM HIT: Pattern already known — syntax_error
❌ SYNTAX ERROR: openroot/ledger/merkle_joule_ledger.py:12 — invalid syntax. Perhaps you forgot a comma?
✅ WISDOM HIT: Pattern already known — syntax_error
❌ SYNTAX ERROR: openroot/ledger/state_and_viz.py:6 — invalid syntax
✅ WISDOM HIT: Pattern already known — syntax_error
❌ SYNTAX ERROR: openroot/ledger/thermo_ledger.py:4 — invalid syntax
✅ WISDOM HIT: Pattern already known — syntax_error
❌ SYNTAX ERROR: openroot/ledger/thermo_ledger_sqlite.py:5 — invalid syntax
✅ WISDOM HIT: Pattern already known — syntax_error
❌ SYNTAX ERROR: renaissance-protocol/src/log_temp.py:1 — invalid syntax
✅ WISDOM HIT: Pattern already known — syntax_error
❌ SYNTAX ERROR: une/absorb_batch.py:90 — invalid syntax. Is this intended to be part of the string?
✅ WISDOM HIT: Pattern already known — syntax_error
❌ SYNTAX ERROR: une/alchemy_transmute.py:115 — invalid syntax. Perhaps you forgot a comma?
✅ WISDOM HIT: Pattern already known — syntax_error
❌ SYNTAX ERROR: une/apply_all.py:77 — invalid syntax. Perhaps you forgot a comma?
✅ WISDOM HIT: Pattern already known — syntax_error
❌ SYNTAX ERROR: une/build_final.py:7 — invalid syntax. Perhaps you forgot a comma?
✅ WISDOM HIT: Pattern already known — syntax_error
❌ SYNTAX ERROR: une/bulk_migrate.py:6 — invalid syntax. Perhaps you forgot a comma?
✅ WISDOM HIT: Pattern already known — syntax_error
❌ SYNTAX ERROR: une/cleanup_final.py:6 — invalid syntax. Perhaps you forgot a comma?
✅ WISDOM HIT: Pattern already known — syntax_error
❌ SYNTAX ERROR: une/create_scripture_corpus.py:1039 — '{' was never closed
✅ WISDOM HIT: Pattern already known — syntax_error
❌ SYNTAX ERROR: une/evolution_engine.py:9 — invalid syntax. Is this intended to be part of the string?
✅ WISDOM HIT: Pattern already known — syntax_error
❌ SYNTAX ERROR: une/final_fix.py:6 — invalid syntax. Perhaps you forgot a comma?
✅ WISDOM HIT: Pattern already known — syntax_error
❌ SYNTAX ERROR: une/fix_all_issues.py:6 — invalid syntax. Perhaps you forgot a comma?
✅ WISDOM HIT: Pattern already known — syntax_error
❌ SYNTAX ERROR: une/fix_round2.py:6 — invalid syntax. Perhaps you forgot a comma?
✅ WISDOM HIT: Pattern already known — syntax_error
❌ SYNTAX ERROR: une/guardian.py:21 — invalid syntax. Is this intended to be part of the string?
✅ WISDOM HIT: Pattern already known — syntax_error
❌ SYNTAX ERROR: une/guardian_v4.py:12 — invalid syntax. Is this intended to be part of the string?
✅ WISDOM HIT: Pattern already known — syntax_error
❌ SYNTAX ERROR: une/kernel_init.py:10 — invalid syntax. Is this intended to be part of the string?
✅ WISDOM HIT: Pattern already known — syntax_error
❌ SYNTAX ERROR: une/last_fix.py:6 — invalid syntax. Perhaps you forgot a comma?
✅ WISDOM HIT: Pattern already known — syntax_error
❌ SYNTAX ERROR: une/note.py:6 — invalid syntax. Is this intended to be part of the string?
✅ WISDOM HIT: Pattern already known — syntax_error
❌ SYNTAX ERROR: une/repair_imports.py:6 — invalid syntax. Perhaps you forgot a comma?
✅ WISDOM HIT: Pattern already known — syntax_error
❌ SYNTAX ERROR: une/self_clone.py:10 — invalid syntax
✅ WISDOM HIT: Pattern already known — syntax_error
❌ SYNTAX ERROR: une/snapshot.py:15 — invalid syntax. Perhaps you forgot a comma?
✅ WISDOM HIT: Pattern already known — syntax_error
❌ SYNTAX ERROR: une/swarm_query.py:31 — invalid syntax
✅ WISDOM HIT: Pattern already known — syntax_error
❌ SYNTAX ERROR: une/ultimate_fix.py:6 — invalid syntax. Perhaps you forgot a comma?
✅ WISDOM HIT: Pattern already known — syntax_error
❌ SYNTAX ERROR: une/wire_core.py:13 — invalid syntax. Perhaps you forgot a comma?
✅ WISDOM HIT: Pattern already known — syntax_error
❌ SYNTAX ERROR: une/computational_flow/atomic_scan.py:17 — invalid syntax. Perhaps you forgot a comma?
✅ WISDOM HIT: Pattern already known — syntax_error
❌ SYNTAX ERROR: une/computational_flow/extract_seed.py:41 — invalid syntax. Perhaps you forgot a comma?
✅ WISDOM HIT: Pattern already known — syntax_error
❌ SYNTAX ERROR: une/computational_flow/fs_hook.py:14 — invalid syntax. Perhaps you forgot a comma?
✅ WISDOM HIT: Pattern already known — syntax_error
❌ SYNTAX ERROR: une/computational_flow/push_proof.py:17 — invalid syntax
✅ WISDOM HIT: Pattern already known — syntax_error
❌ SYNTAX ERROR: une/tools/stream_of_thought.py:14 — invalid syntax. Is this intended to be part of the string?
✅ WISDOM HIT: Pattern already known — syntax_error
❌ SYNTAX ERROR: wisdom-scaffold/computational_flow/fusion_core.py:58 — invalid syntax. Is this intended to be part of the string?
✅ WISDOM HIT: Pattern already known — syntax_error
❌ SYNTAX ERROR: wisdom-scaffold/computational_flow/fusion_sensor_wrapper.py:43 — invalid syntax. Perhaps you forgot a comma?
✅ WISDOM HIT: Pattern already known — syntax_error
🔍 SYNTAX: Found 60 syntax errors
🔍 SCANNER: Hardcoded path scan starting...
🔍 PATHS: Found 363 hardcoded path references
✅ WISDOM HIT: Pattern already known — hardcoded_path
✅ WISDOM HIT: Pattern already known — hardcoded_path
✅ WISDOM HIT: Pattern already known — hardcoded_path
✅ WISDOM HIT: Pattern already known — hardcoded_path
✅ WISDOM HIT: Pattern already known — hardcoded_path
🔍 SCANNER: Contributions bloat scan starting...
🔍 CONTRIBUTIONS: 6 files, 1 can be pruned
✅ WISDOM HIT: Pattern already known — contributions_bloat

── PHASE 2: DIAGNOSE ──
   Total problems found: 423
   Lessons learned: 0
   Known patterns blocked: 71

── PHASE 3: MUTATE ──
🔧 MUTATION: Deduplication fix starting...
  🔗 LINKED: aerocement/data/.gitkeep → une/une/__init__.py
  🔗 LINKED: OpenCell-Thermal-System/0_data/raw/raw_data.csv → une/une/__init__.py
  🔗 LINKED: OpenCell-Thermal-System/docs/specifications/permissions-audit.txt → une/une/__init__.py
  🔗 LINKED: openroot/relay/input.txt → une/une/__init__.py
  🔗 LINKED: openroot-spoke-template/bom/.gitkeep → une/une/__init__.py
  🔗 LINKED: openroot-spoke-template/cad/.gitkeep → une/une/__init__.py
  🔗 LINKED: openroot-spoke-template/docs/.gitkeep → une/une/__init__.py
  🔗 LINKED: openroot-spoke-template/src/.gitkeep → une/une/__init__.py
  🔗 LINKED: renaissance-protocol/docs/case_studies/README.md → une/une/__init__.py
  🔗 LINKED: renaissance-protocol/docs/engineering/README.md → une/une/__init__.py
  🔗 LINKED: renaissance-protocol/hardware/hho/README.md → une/une/__init__.py
  🔗 LINKED: renaissance-protocol/hardware/labyrinth/README.md → une/une/__init__.py
  🔗 LINKED: renaissance-protocol/hardware/panels/README.md → une/une/__init__.py
  🔗 LINKED: renaissance-protocol/hardware/stirling/README.md → une/une/__init__.py
  🔗 LINKED: renaissance-protocol/hardware/welder/HHO_Electrolysis_Module.md → une/une/__init__.py
  🔗 LINKED: renaissance-protocol/library/volumes/README.md → une/une/__init__.py
  🔗 LINKED: renaissance-protocol/src/README.md → une/une/__init__.py
  🔗 LINKED: wisdom-scaffold/--body → une/une/__init__.py
  🔗 LINKED: wisdom-scaffold/--label → une/une/__init__.py
  🔗 LINKED: wisdom-scaffold/--repo → une/une/__init__.py
  🔗 LINKED: wisdom-scaffold/--title → une/une/__init__.py
  🔗 LINKED: openroot/recovered_blueprints/une_h003_capture.sh → aerocement/observations/une_h003_capture.sh
  🔗 LINKED: openroot/computational_flow/tasks/task_h003.json → aerocement/swarm/tasks/task_h003.json
  🔗 LINKED: openroot/une_protocol/demo_final.py → aerocement/une-dev/demo_final.py
  🔗 LINKED: openroot/recovered_blueprints/une_server_old.py → aerocement/une-dev/une_server_old.py
  🔗 LINKED: aerocement/contributions/meta_upgrade_20260805_000209.py → aerocement/contributions/meta_upgrade_20260804_235501.py
  🔗 LINKED: aerocement/contributions/meta_upgrade_20260805_003528.py → aerocement/contributions/meta_upgrade_20260804_235501.py
  🔗 LINKED: aerocement/contributions/meta_upgrade_20260805_003724.py → aerocement/contributions/meta_upgrade_20260804_235501.py
  🔗 LINKED: aerocement-/.gitignore → agape-une/.gitignore
  🔗 LINKED: agape-coordination/.gitignore → agape-une/.gitignore
  🔗 LINKED: black-locust-rmh/.gitignore → agape-une/.gitignore
  🔗 LINKED: civilization2.0/.gitignore → agape-une/.gitignore
  🔗 LINKED: open-cell-thermal-open-cell-the/.gitignore → agape-une/.gitignore
  🔗 LINKED: OpenCell-Thermal-System/.gitignore → agape-une/.gitignore
  🔗 LINKED: wisdom-scaffold/.gitignore → agape-une/.gitignore
  🔗 LINKED: aerocement-/LICENSE → agape-une/LICENSE
  🔗 LINKED: AeroCement_Ecosystem/LICENSE → agape-une/LICENSE
  🔗 LINKED: agape-coordination/LICENSE → agape-une/LICENSE
  🔗 LINKED: black-locust-rmh/LICENSE → agape-une/LICENSE
  🔗 LINKED: civilization2.0/LICENSE → agape-une/LICENSE
  🔗 LINKED: jesseray718/LICENSE → agape-une/LICENSE
  🔗 LINKED: open-cell-thermal-open-cell-the/LICENSE → agape-une/LICENSE
  🔗 LINKED: aerocement-/contributions/meta_upgrade_20260805_000210.py → aerocement-/contributions/meta_upgrade_20260804_235502.py
  🔗 LINKED: aerocement-/contributions/meta_upgrade_20260805_003529.py → aerocement-/contributions/meta_upgrade_20260804_235502.py
  🔗 LINKED: aerocement-/contributions/meta_upgrade_20260805_003725.py → aerocement-/contributions/meta_upgrade_20260804_235502.py
  🔗 LINKED: AeroCement_Ecosystem/contributions/meta_upgrade_20260805_000206.py → AeroCement_Ecosystem/contributions/meta_upgrade_20260804_235457.py
  🔗 LINKED: AeroCement_Ecosystem/contributions/meta_upgrade_20260805_003525.py → AeroCement_Ecosystem/contributions/meta_upgrade_20260804_235457.py
  🔗 LINKED: AeroCement_Ecosystem/contributions/meta_upgrade_20260805_003721.py → AeroCement_Ecosystem/contributions/meta_upgrade_20260804_235457.py
  🔗 LINKED: agape-coordination/AGAPE_THESIS.md → une/AGAPE_THESIS.md
  🔗 LINKED: une/computational_flow/agape_stress_test.py → agape-coordination/agape_stress_test.py
  🔗 LINKED: une/computational_flow/cosmic_query_engine.py → agape-coordination/cosmic_query_engine.py
  🔗 LINKED: une/computational_flow/thermal_cascade_optimizer.py → agape-coordination/thermal_cascade_optimizer.py
  🔗 LINKED: agape-coordination/contributions/meta_upgrade_20260805_000211.py → agape-coordination/contributions/meta_upgrade_20260804_235503.py
  🔗 LINKED: agape-coordination/contributions/meta_upgrade_20260805_003530.py → agape-coordination/contributions/meta_upgrade_20260804_235503.py
  🔗 LINKED: agape-coordination/contributions/meta_upgrade_20260805_003726.py → agape-coordination/contributions/meta_upgrade_20260804_235503.py
  🔗 LINKED: agape-une/contributions/meta_upgrade_20260805_000212.py → agape-une/contributions/meta_upgrade_20260804_235504.py
  🔗 LINKED: agape-une/contributions/meta_upgrade_20260805_003531.py → agape-une/contributions/meta_upgrade_20260804_235504.py
  🔗 LINKED: agape-une/contributions/meta_upgrade_20260805_003727.py → agape-une/contributions/meta_upgrade_20260804_235504.py
  🔗 LINKED: black-locust-rmh/handbook_energy_DV.GEN.BL.RMH.001.md → black-locust-rmh/DV.GEN.BL.RMH.001.md
  🔗 LINKED: black-locust-rmh/handbook/energy/DV.GEN.BL.RMH.001.md → black-locust-rmh/DV.GEN.BL.RMH.001.md
  🔗 LINKED: black-locust-rmh/contributions/meta_upgrade_20260805_000214.py → black-locust-rmh/contributions/meta_upgrade_20260804_235506.py
  🔗 LINKED: black-locust-rmh/contributions/meta_upgrade_20260805_003533.py → black-locust-rmh/contributions/meta_upgrade_20260804_235506.py
  🔗 LINKED: black-locust-rmh/contributions/meta_upgrade_20260805_003729.py → black-locust-rmh/contributions/meta_upgrade_20260804_235506.py
  🔗 LINKED: civilization2.0/contributions/meta_upgrade_20260805_000215.py → civilization2.0/contributions/meta_upgrade_20260804_235507.py
  🔗 LINKED: civilization2.0/contributions/meta_upgrade_20260805_003534.py → civilization2.0/contributions/meta_upgrade_20260804_235507.py
  🔗 LINKED: civilization2.0/contributions/meta_upgrade_20260805_003730.py → civilization2.0/contributions/meta_upgrade_20260804_235507.py
  🔗 LINKED: jesseray718/contributions/meta_upgrade_20260805_000217.py → jesseray718/contributions/meta_upgrade_20260804_235508.py
  🔗 LINKED: jesseray718/contributions/meta_upgrade_20260805_003535.py → jesseray718/contributions/meta_upgrade_20260804_235508.py
  🔗 LINKED: jesseray718/contributions/meta_upgrade_20260805_003731.py → jesseray718/contributions/meta_upgrade_20260804_235508.py
  🔗 LINKED: open-cell-thermal-open-cell-the/contributions/meta_upgrade_20260805_000219.py → open-cell-thermal-open-cell-the/contributions/meta_upgrade_20260804_235510.py
  🔗 LINKED: open-cell-thermal-open-cell-the/contributions/meta_upgrade_20260805_003536.py → open-cell-thermal-open-cell-the/contributions/meta_upgrade_20260804_235510.py
  🔗 LINKED: open-cell-thermal-open-cell-the/contributions/meta_upgrade_20260805_003732.py → open-cell-thermal-open-cell-the/contributions/meta_upgrade_20260804_235510.py
  🔗 LINKED: OpenCell-Thermal-System/docs/manuscript/nifa-application.md → OpenCell-Thermal-System/nifa-application.md
  🔗 LINKED: OpenCell-Thermal-System/1_code/src/pdf-compile.py → OpenCell-Thermal-System/1_code/src/pdf-comp.py
  🔗 LINKED: renaissance-protocol/library/volumes/06_ENTROPY_LEARNING/entropy_learnjng.md → OpenCell-Thermal-System/docs/manuscript/File: 06_ENTROPY_LEARNING.md
  🔗 LINKED: OpenCell-Thermal-System/contributions/meta_upgrade_20260805_000208.py → OpenCell-Thermal-System/contributions/meta_upgrade_20260804_235459.py
  🔗 LINKED: OpenCell-Thermal-System/contributions/meta_upgrade_20260805_003526.py → OpenCell-Thermal-System/contributions/meta_upgrade_20260804_235459.py
  🔗 LINKED: OpenCell-Thermal-System/contributions/meta_upgrade_20260805_003722.py → OpenCell-Thermal-System/contributions/meta_upgrade_20260804_235459.py
  🔗 LINKED: openroot/.github/copilot-instructions.md → une/docs/copilot-instructions.md
  🔗 LINKED: openroot/docs/copilot-instructions.md → une/docs/copilot-instructions.md
  🔗 LINKED: openroot/computational_flow/queue/task_2_queue.json.aiq_output → openroot/computational_flow/queue/task_1_queue.json.aiq_output
  🔗 LINKED: openroot/computational_flow/queue/task_3_queue.json.aiq_output → openroot/computational_flow/queue/task_1_queue.json.aiq_output
  🔗 LINKED: openroot/computational_flow/queue/task_4_queue.json.aiq_output → openroot/computational_flow/queue/task_1_queue.json.aiq_output
  🔗 LINKED: openroot/context_bridge/foundation_map_20260726_183722.json → openroot/context_bridge/foundation_map.json
  🔗 LINKED: openroot/context_bridge/foundation_map_20260726_185316.json → openroot/context_bridge/foundation_map.json
  🔗 LINKED: openroot/dist/publication/state.md → openroot/docs/context/state.md
  🔗 LINKED: openroot/docs/public-validation/THERMAL-CASCADE-VETIFICATION.md → openroot/dist/zenodo-upload/THERMAL-CASCADE-VETIFICATION.md
  🔗 LINKED: openroot/recovered_blueprints/050_hive_bridge.json → openroot/dump/chunks/050_hive_bridge.json
  🔗 LINKED: openroot/swarm/audits/jesseray718_20260717_041221/metrics.csv → openroot/swarm/audits/jesseray718_20260717_040954/metrics.csv
  🔗 LINKED: openroot/swarm/audits/jesseray718_20260717_041414/metrics.csv → openroot/swarm/audits/jesseray718_20260717_040954/metrics.csv
  🔗 LINKED: openroot/swarm/audits/jesseray718_20260717_041625/metrics.csv → openroot/swarm/audits/jesseray718_20260717_040954/metrics.csv
  🔗 LINKED: openroot/swarm/audits/jesseray718_20260717_042458/metrics.csv → openroot/swarm/audits/jesseray718_20260717_040954/metrics.csv
  🔗 LINKED: openroot/swarm/audits/jesseray718_20260717_042849/metrics.csv → openroot/swarm/audits/jesseray718_20260717_040954/metrics.csv
  🔗 LINKED: openroot/swarm/audits/jesseray718_20260717_043146/metrics.csv → openroot/swarm/audits/jesseray718_20260717_040954/metrics.csv
  🔗 LINKED: openroot/contributions/meta_upgrade_20260805_000223.py → openroot/contributions/meta_upgrade_20260804_235515.py
  🔗 LINKED: openroot/contributions/meta_upgrade_20260805_003542.py → openroot/contributions/meta_upgrade_20260804_235515.py
  🔗 LINKED: openroot/contributions/meta_upgrade_20260805_003737.py → openroot/contributions/meta_upgrade_20260804_235515.py
  🔗 LINKED: openroot-spoke-template/contributions/meta_upgrade_20260805_000225.py → openroot-spoke-template/contributions/meta_upgrade_20260804_235517.py
  🔗 LINKED: openroot-spoke-template/contributions/meta_upgrade_20260805_003543.py → openroot-spoke-template/contributions/meta_upgrade_20260804_235517.py
  🔗 LINKED: openroot-spoke-template/contributions/meta_upgrade_20260805_003739.py → openroot-spoke-template/contributions/meta_upgrade_20260804_235517.py
  🔗 LINKED: renaissance-protocol/library/volumes/06_ENTROPY_LEARNING/scripts/kai_unknown → renaissance-protocol/library/volumes/06_ENTROPY_LEARNING/scripts/joy_log.py
  🔗 LINKED: renaissance-protocol/contributions/meta_upgrade_20260805_000227.py → renaissance-protocol/contributions/meta_upgrade_20260804_235519.py
  🔗 LINKED: renaissance-protocol/contributions/meta_upgrade_20260805_003545.py → renaissance-protocol/contributions/meta_upgrade_20260804_235519.py
  🔗 LINKED: renaissance-protocol/contributions/meta_upgrade_20260805_003740.py → renaissance-protocol/contributions/meta_upgrade_20260804_235519.py
  🔗 LINKED: skills-introduction-to-github/contributions/meta_upgrade_20260805_000227.py → skills-introduction-to-github/contributions/meta_upgrade_20260804_235520.py
  🔗 LINKED: skills-introduction-to-github/contributions/meta_upgrade_20260805_003545.py → skills-introduction-to-github/contributions/meta_upgrade_20260804_235520.py
  🔗 LINKED: skills-introduction-to-github/contributions/meta_upgrade_20260805_003741.py → skills-introduction-to-github/contributions/meta_upgrade_20260804_235520.py
  🔗 LINKED: wisdom-scaffold/computational_flow/drill_scheduler.sh → une/computational_flow/drill_scheduler.sh
  🔗 LINKED: une/contributions/meta_upgrade_20260805_000229.py → une/contributions/meta_upgrade_20260804_235522.py
  🔗 LINKED: une/contributions/meta_upgrade_20260805_003547.py → une/contributions/meta_upgrade_20260804_235522.py
  🔗 LINKED: une/contributions/meta_upgrade_20260805_003742.py → une/contributions/meta_upgrade_20260804_235522.py
  🔗 LINKED: wisdom-scaffold/contributions/meta_upgrade_20260805_000231.py → wisdom-scaffold/contributions/meta_upgrade_20260804_235525.py
  🔗 LINKED: wisdom-scaffold/contributions/meta_upgrade_20260805_003549.py → wisdom-scaffold/contributions/meta_upgrade_20260804_235525.py
  🔗 LINKED: wisdom-scaffold/contributions/meta_upgrade_20260805_003744.py → wisdom-scaffold/contributions/meta_upgrade_20260804_235525.py
🔧 DEDUP: Consolidated 114 files into symlinks
🔧 MUTATION: Syntax fix starting...
🔧 SYNTAX: Fixed 0/60 errors
🔧 MUTATION: Hardcoded path fix starting...
🔧 PATHS: Fixed 0/363 hardcoded paths
🔧 MUTATION: Pruning old contributions...
🔧 PRUNED: 1 old contribution files

── PHASE 4: EVOLVE ──
🧬 EVOLUTION: Generating self-improvement patch...
🧬 EVOLUTION: Patch /data/data/com.termux/files/home/une/contributions/auto_evolution_20260805_005259.py generated and verified

── PHASE 5: PRACTICE ──
🔁 PRACTICE: Testing previous evolution patches...
🔁 PRACTICE: 6 passed, 0 failed out of 6 tested

── PHASE 6: SNAPSHOT ──
📸 SNAPSHOT: Capturing post-cycle state...
📸 SNAPSHOT: Saved to /data/data/com.termux/files/home/une/autonomous_snapshot.json

════════════════════════════════════════════════════════════
🏆 CYCLE COMPLETE
   Files scanned: 1392
   Problems found: 423
   Problems fixed: 115
   Lessons learned: 0
   Wisdom patterns blocked: 71
   Evolution patches generated: 1
   Fix rate: 27.2%
════════════════════════════════════════════════════════════
📋 Report saved: /data/data/com.termux/files/home/une/autonomous_report.json
Wed Aug  5 00:53:02 CDT 2026: ── Cycle complete, sleeping 1800s ──
Wed Aug  5 01:22:14 CDT 2026: ── Starting cycle ──
/data/data/com.termux/files/home/une/meta_hub/aerocement/aerocement/beacon.py:43: SyntaxWarning: "\~" is an invalid escape sequence. Such sequences will not work in the future. Did you mean "\\~"? A raw string is also an option.
  "title": "H-003 radiative-capture headline overstated \~10x (likely decimal/units error)",
/data/data/com.termux/files/home/une/meta_hub/openroot/volumetric/aero-disc/scripts/porous_exchanger_design.py:208: SyntaxWarning: "\~" is an invalid escape sequence. Such sequences will not work in the future. Did you mean "\\~"? A raw string is also an option.
  print("  Rule: NTU past \~5 buys almost nothing but extra ΔP.")
════════════════════════════════════════════════════════════
🦁 AUTONOMOUS MESH ENGINE v1.0 — CYCLE START
   Base: /data/data/com.termux/files/home/une
   Meta Hub: /data/data/com.termux/files/home/une/meta_hub
   Wisdom: /data/data/com.termux/files/home/une/wisdom/error_patterns.json
════════════════════════════════════════════════════════════

── PHASE 1: OBSERVE ──
🔍 SCANNER: Deduplication scan starting...
🔍 DEDUP: Found 40 duplicate groups, 130 redundant files, ~4039KB reclaimable
✅ WISDOM HIT: Pattern already known — duplicate_file
✅ WISDOM HIT: Pattern already known — duplicate_file
✅ WISDOM HIT: Pattern already known — duplicate_file
✅ WISDOM HIT: Pattern already known — duplicate_file
✅ WISDOM HIT: Pattern already known — duplicate_file
🔍 SCANNER: Syntax scan starting...
❌ SYNTAX ERROR: aerocement/rmh.py:56 — invalid syntax. Perhaps you forgot a comma?
✅ WISDOM HIT: Pattern already known — syntax_error
❌ SYNTAX ERROR: aerocement/scripts/data_logger.py:2 — invalid syntax
✅ WISDOM HIT: Pattern already known — syntax_error
❌ SYNTAX ERROR: aerocement/scripts/data_logger_v03.py:16 — invalid syntax. Is this intended to be part of the string?
✅ WISDOM HIT: Pattern already known — syntax_error
❌ SYNTAX ERROR: aerocement/une-dev/test_une_fixed.py:19 — invalid syntax. Perhaps you forgot a comma?
✅ WISDOM HIT: Pattern already known — syntax_error
❌ SYNTAX ERROR: agape-coordination/agape_engine.py:57 — invalid syntax. Is this intended to be part of the string?
✅ WISDOM HIT: Pattern already known — syntax_error
❌ SYNTAX ERROR: agape-coordination/swarm_core_v3.py:41 — invalid syntax
✅ WISDOM HIT: Pattern already known — syntax_error
❌ SYNTAX ERROR: OpenCell-Thermal-System/1_code/src/pdf-comp.py:1 — invalid syntax
✅ WISDOM HIT: Pattern already known — syntax_error
❌ SYNTAX ERROR: OpenCell-Thermal-System/1_code/src/pdf-compile.py:1 — invalid syntax
✅ WISDOM HIT: Pattern already known — syntax_error
❌ SYNTAX ERROR: openroot/test_configs.py:6 — invalid syntax. Is this intended to be part of the string?
✅ WISDOM HIT: Pattern already known — syntax_error
❌ SYNTAX ERROR: openroot/bin/acre_mint_claim.py:13 — invalid syntax. Is this intended to be part of the string?
✅ WISDOM HIT: Pattern already known — syntax_error
❌ SYNTAX ERROR: openroot/bin/auto_sensor_capture.py:14 — invalid syntax. Is this intended to be part of the string?
✅ WISDOM HIT: Pattern already known — syntax_error
❌ SYNTAX ERROR: openroot/bin/embed_docs.py:7 — invalid syntax. Perhaps you forgot a comma?
✅ WISDOM HIT: Pattern already known — syntax_error
❌ SYNTAX ERROR: openroot/bin/h003_resonant_solver.py:348 — invalid decimal literal
✅ WISDOM HIT: Pattern already known — syntax_error
❌ SYNTAX ERROR: openroot/bin/instrument_ledger.py:15 — invalid syntax. Is this intended to be part of the string?
✅ WISDOM HIT: Pattern already known — syntax_error
❌ SYNTAX ERROR: openroot/bin/offline_rank.py:6 — invalid syntax. Perhaps you forgot a comma?
✅ WISDOM HIT: Pattern already known — syntax_error
❌ SYNTAX ERROR: openroot/bin/offline_writer.py:12 — invalid syntax. Perhaps you forgot a comma?
✅ WISDOM HIT: Pattern already known — syntax_error
❌ SYNTAX ERROR: openroot/bin/orphan_cleanup.py:16 — invalid syntax. Is this intended to be part of the string?
✅ WISDOM HIT: Pattern already known — syntax_error
❌ SYNTAX ERROR: openroot/bin/query_agent.py:12 — invalid syntax. Perhaps you forgot a comma?
✅ WISDOM HIT: Pattern already known — syntax_error
❌ SYNTAX ERROR: openroot/bin/thermal_v62_balanced.py:300 — invalid syntax. Perhaps you forgot a comma?
✅ WISDOM HIT: Pattern already known — syntax_error
❌ SYNTAX ERROR: openroot/bin/vecquery.py:8 — invalid syntax. Perhaps you forgot a comma?
✅ WISDOM HIT: Pattern already known — syntax_error
❌ SYNTAX ERROR: openroot/context_bridge/absorb_full_session.py:5 — invalid syntax
✅ WISDOM HIT: Pattern already known — syntax_error
❌ SYNTAX ERROR: openroot/context_bridge/absorb_now.py:5 — invalid syntax
✅ WISDOM HIT: Pattern already known — syntax_error
❌ SYNTAX ERROR: openroot/context_bridge/absorb_to_wisdom.py:5 — invalid syntax
✅ WISDOM HIT: Pattern already known — syntax_error
❌ SYNTAX ERROR: openroot/context_bridge/openroot_state.py:11 — invalid syntax. Perhaps you forgot a comma?
✅ WISDOM HIT: Pattern already known — syntax_error
❌ SYNTAX ERROR: openroot/lattice/meta_mesh_engine.py:17 — invalid syntax. Is this intended to be part of the string?
✅ WISDOM HIT: Pattern already known — syntax_error
❌ SYNTAX ERROR: openroot/ledger/cpu_joules.py:5 — invalid syntax
✅ WISDOM HIT: Pattern already known — syntax_error
❌ SYNTAX ERROR: openroot/ledger/merkle_joule_ledger.py:12 — invalid syntax. Perhaps you forgot a comma?
✅ WISDOM HIT: Pattern already known — syntax_error
❌ SYNTAX ERROR: openroot/ledger/state_and_viz.py:6 — invalid syntax
✅ WISDOM HIT: Pattern already known — syntax_error
❌ SYNTAX ERROR: openroot/ledger/thermo_ledger.py:4 — invalid syntax
✅ WISDOM HIT: Pattern already known — syntax_error
❌ SYNTAX ERROR: openroot/ledger/thermo_ledger_sqlite.py:5 — invalid syntax
✅ WISDOM HIT: Pattern already known — syntax_error
❌ SYNTAX ERROR: renaissance-protocol/src/log_temp.py:1 — invalid syntax
✅ WISDOM HIT: Pattern already known — syntax_error
❌ SYNTAX ERROR: une/absorb_batch.py:90 — invalid syntax. Is this intended to be part of the string?
✅ WISDOM HIT: Pattern already known — syntax_error
❌ SYNTAX ERROR: une/alchemy_transmute.py:115 — invalid syntax. Perhaps you forgot a comma?
✅ WISDOM HIT: Pattern already known — syntax_error
❌ SYNTAX ERROR: une/apply_all.py:77 — invalid syntax. Perhaps you forgot a comma?
✅ WISDOM HIT: Pattern already known — syntax_error
❌ SYNTAX ERROR: une/build_final.py:7 — invalid syntax. Perhaps you forgot a comma?
✅ WISDOM HIT: Pattern already known — syntax_error
❌ SYNTAX ERROR: une/bulk_migrate.py:6 — invalid syntax. Perhaps you forgot a comma?
✅ WISDOM HIT: Pattern already known — syntax_error
❌ SYNTAX ERROR: une/cleanup_final.py:6 — invalid syntax. Perhaps you forgot a comma?
✅ WISDOM HIT: Pattern already known — syntax_error
❌ SYNTAX ERROR: une/create_scripture_corpus.py:1039 — '{' was never closed
✅ WISDOM HIT: Pattern already known — syntax_error
❌ SYNTAX ERROR: une/evolution_engine.py:9 — invalid syntax. Is this intended to be part of the string?
✅ WISDOM HIT: Pattern already known — syntax_error
❌ SYNTAX ERROR: une/final_fix.py:6 — invalid syntax. Perhaps you forgot a comma?
✅ WISDOM HIT: Pattern already known — syntax_error
❌ SYNTAX ERROR: une/fix_all_issues.py:6 — invalid syntax. Perhaps you forgot a comma?
✅ WISDOM HIT: Pattern already known — syntax_error
❌ SYNTAX ERROR: une/fix_round2.py:6 — invalid syntax. Perhaps you forgot a comma?
✅ WISDOM HIT: Pattern already known — syntax_error
❌ SYNTAX ERROR: une/guardian.py:21 — invalid syntax. Is this intended to be part of the string?
✅ WISDOM HIT: Pattern already known — syntax_error
❌ SYNTAX ERROR: une/guardian_v4.py:12 — invalid syntax. Is this intended to be part of the string?
✅ WISDOM HIT: Pattern already known — syntax_error
❌ SYNTAX ERROR: une/kernel_init.py:10 — invalid syntax. Is this intended to be part of the string?
✅ WISDOM HIT: Pattern already known — syntax_error
❌ SYNTAX ERROR: une/last_fix.py:6 — invalid syntax. Perhaps you forgot a comma?
✅ WISDOM HIT: Pattern already known — syntax_error
❌ SYNTAX ERROR: une/note.py:6 — invalid syntax. Is this intended to be part of the string?
✅ WISDOM HIT: Pattern already known — syntax_error
❌ SYNTAX ERROR: une/repair_imports.py:6 — invalid syntax. Perhaps you forgot a comma?
✅ WISDOM HIT: Pattern already known — syntax_error
❌ SYNTAX ERROR: une/self_clone.py:10 — invalid syntax
✅ WISDOM HIT: Pattern already known — syntax_error
❌ SYNTAX ERROR: une/snapshot.py:15 — invalid syntax. Perhaps you forgot a comma?
✅ WISDOM HIT: Pattern already known — syntax_error
❌ SYNTAX ERROR: une/swarm_query.py:31 — invalid syntax
✅ WISDOM HIT: Pattern already known — syntax_error
❌ SYNTAX ERROR: une/ultimate_fix.py:6 — invalid syntax. Perhaps you forgot a comma?
✅ WISDOM HIT: Pattern already known — syntax_error
❌ SYNTAX ERROR: une/wire_core.py:13 — invalid syntax. Perhaps you forgot a comma?
✅ WISDOM HIT: Pattern already known — syntax_error
❌ SYNTAX ERROR: une/computational_flow/atomic_scan.py:17 — invalid syntax. Perhaps you forgot a comma?
✅ WISDOM HIT: Pattern already known — syntax_error
❌ SYNTAX ERROR: une/computational_flow/extract_seed.py:41 — invalid syntax. Perhaps you forgot a comma?
✅ WISDOM HIT: Pattern already known — syntax_error
❌ SYNTAX ERROR: une/computational_flow/fs_hook.py:14 — invalid syntax. Perhaps you forgot a comma?
✅ WISDOM HIT: Pattern already known — syntax_error
❌ SYNTAX ERROR: une/computational_flow/push_proof.py:17 — invalid syntax
✅ WISDOM HIT: Pattern already known — syntax_error
❌ SYNTAX ERROR: une/tools/stream_of_thought.py:14 — invalid syntax. Is this intended to be part of the string?
✅ WISDOM HIT: Pattern already known — syntax_error
❌ SYNTAX ERROR: wisdom-scaffold/computational_flow/fusion_core.py:58 — invalid syntax. Is this intended to be part of the string?
✅ WISDOM HIT: Pattern already known — syntax_error
❌ SYNTAX ERROR: wisdom-scaffold/computational_flow/fusion_sensor_wrapper.py:43 — invalid syntax. Perhaps you forgot a comma?
✅ WISDOM HIT: Pattern already known — syntax_error
🔍 SYNTAX: Found 60 syntax errors
🔍 SCANNER: Hardcoded path scan starting...
🔍 PATHS: Found 363 hardcoded path references
✅ WISDOM HIT: Pattern already known — hardcoded_path
✅ WISDOM HIT: Pattern already known — hardcoded_path
✅ WISDOM HIT: Pattern already known — hardcoded_path
✅ WISDOM HIT: Pattern already known — hardcoded_path
✅ WISDOM HIT: Pattern already known — hardcoded_path
🔍 SCANNER: Contributions bloat scan starting...
🔍 CONTRIBUTIONS: 6 files, 1 can be pruned
✅ WISDOM HIT: Pattern already known — contributions_bloat

── PHASE 2: DIAGNOSE ──
   Total problems found: 423
   Lessons learned: 0
   Known patterns blocked: 71

── PHASE 3: MUTATE ──
🔧 MUTATION: Deduplication fix starting...
  🔗 LINKED: aerocement/data/.gitkeep → une/une/__init__.py
  🔗 LINKED: OpenCell-Thermal-System/0_data/raw/raw_data.csv → une/une/__init__.py
  🔗 LINKED: OpenCell-Thermal-System/docs/specifications/permissions-audit.txt → une/une/__init__.py
  🔗 LINKED: openroot/relay/input.txt → une/une/__init__.py
  🔗 LINKED: openroot-spoke-template/bom/.gitkeep → une/une/__init__.py
  🔗 LINKED: openroot-spoke-template/cad/.gitkeep → une/une/__init__.py
  🔗 LINKED: openroot-spoke-template/docs/.gitkeep → une/une/__init__.py
  🔗 LINKED: openroot-spoke-template/src/.gitkeep → une/une/__init__.py
  🔗 LINKED: renaissance-protocol/docs/case_studies/README.md → une/une/__init__.py
  🔗 LINKED: renaissance-protocol/docs/engineering/README.md → une/une/__init__.py
  🔗 LINKED: renaissance-protocol/hardware/hho/README.md → une/une/__init__.py
  🔗 LINKED: renaissance-protocol/hardware/labyrinth/README.md → une/une/__init__.py
  🔗 LINKED: renaissance-protocol/hardware/panels/README.md → une/une/__init__.py
  🔗 LINKED: renaissance-protocol/hardware/stirling/README.md → une/une/__init__.py
  🔗 LINKED: renaissance-protocol/hardware/welder/HHO_Electrolysis_Module.md → une/une/__init__.py
  🔗 LINKED: renaissance-protocol/library/volumes/README.md → une/une/__init__.py
  🔗 LINKED: renaissance-protocol/src/README.md → une/une/__init__.py
  🔗 LINKED: wisdom-scaffold/--body → une/une/__init__.py
  🔗 LINKED: wisdom-scaffold/--label → une/une/__init__.py
  🔗 LINKED: wisdom-scaffold/--repo → une/une/__init__.py
  🔗 LINKED: wisdom-scaffold/--title → une/une/__init__.py
  🔗 LINKED: openroot/recovered_blueprints/une_h003_capture.sh → aerocement/observations/une_h003_capture.sh
  🔗 LINKED: openroot/computational_flow/tasks/task_h003.json → aerocement/swarm/tasks/task_h003.json
  🔗 LINKED: openroot/une_protocol/demo_final.py → aerocement/une-dev/demo_final.py
  🔗 LINKED: openroot/recovered_blueprints/une_server_old.py → aerocement/une-dev/une_server_old.py
  🔗 LINKED: aerocement/contributions/meta_upgrade_20260805_000209.py → aerocement/contributions/meta_upgrade_20260804_235501.py
  🔗 LINKED: aerocement/contributions/meta_upgrade_20260805_003528.py → aerocement/contributions/meta_upgrade_20260804_235501.py
  🔗 LINKED: aerocement/contributions/meta_upgrade_20260805_003724.py → aerocement/contributions/meta_upgrade_20260804_235501.py
  🔗 LINKED: aerocement/contributions/meta_upgrade_20260805_005431.py → aerocement/contributions/meta_upgrade_20260804_235501.py
  🔗 LINKED: aerocement-/.gitignore → agape-une/.gitignore
  🔗 LINKED: agape-coordination/.gitignore → agape-une/.gitignore
  🔗 LINKED: black-locust-rmh/.gitignore → agape-une/.gitignore
  🔗 LINKED: civilization2.0/.gitignore → agape-une/.gitignore
  🔗 LINKED: open-cell-thermal-open-cell-the/.gitignore → agape-une/.gitignore
  🔗 LINKED: OpenCell-Thermal-System/.gitignore → agape-une/.gitignore
  🔗 LINKED: wisdom-scaffold/.gitignore → agape-une/.gitignore
  🔗 LINKED: aerocement-/LICENSE → agape-une/LICENSE
  🔗 LINKED: AeroCement_Ecosystem/LICENSE → agape-une/LICENSE
  🔗 LINKED: agape-coordination/LICENSE → agape-une/LICENSE
  🔗 LINKED: black-locust-rmh/LICENSE → agape-une/LICENSE
  🔗 LINKED: civilization2.0/LICENSE → agape-une/LICENSE
  🔗 LINKED: jesseray718/LICENSE → agape-une/LICENSE
  🔗 LINKED: open-cell-thermal-open-cell-the/LICENSE → agape-une/LICENSE
  🔗 LINKED: aerocement-/contributions/meta_upgrade_20260805_000210.py → aerocement-/contributions/meta_upgrade_20260804_235502.py
  🔗 LINKED: aerocement-/contributions/meta_upgrade_20260805_003529.py → aerocement-/contributions/meta_upgrade_20260804_235502.py
  🔗 LINKED: aerocement-/contributions/meta_upgrade_20260805_003725.py → aerocement-/contributions/meta_upgrade_20260804_235502.py
  🔗 LINKED: aerocement-/contributions/meta_upgrade_20260805_005432.py → aerocement-/contributions/meta_upgrade_20260804_235502.py
  🔗 LINKED: AeroCement_Ecosystem/contributions/meta_upgrade_20260805_000206.py → AeroCement_Ecosystem/contributions/meta_upgrade_20260804_235457.py
  🔗 LINKED: AeroCement_Ecosystem/contributions/meta_upgrade_20260805_003525.py → AeroCement_Ecosystem/contributions/meta_upgrade_20260804_235457.py
  🔗 LINKED: AeroCement_Ecosystem/contributions/meta_upgrade_20260805_003721.py → AeroCement_Ecosystem/contributions/meta_upgrade_20260804_235457.py
  🔗 LINKED: AeroCement_Ecosystem/contributions/meta_upgrade_20260805_005428.py → AeroCement_Ecosystem/contributions/meta_upgrade_20260804_235457.py
  🔗 LINKED: agape-coordination/AGAPE_THESIS.md → une/AGAPE_THESIS.md
  🔗 LINKED: une/computational_flow/agape_stress_test.py → agape-coordination/agape_stress_test.py
  🔗 LINKED: une/computational_flow/cosmic_query_engine.py → agape-coordination/cosmic_query_engine.py
  🔗 LINKED: une/computational_flow/thermal_cascade_optimizer.py → agape-coordination/thermal_cascade_optimizer.py
  🔗 LINKED: agape-coordination/contributions/meta_upgrade_20260805_000211.py → agape-coordination/contributions/meta_upgrade_20260804_235503.py
  🔗 LINKED: agape-coordination/contributions/meta_upgrade_20260805_003530.py → agape-coordination/contributions/meta_upgrade_20260804_235503.py
  🔗 LINKED: agape-coordination/contributions/meta_upgrade_20260805_003726.py → agape-coordination/contributions/meta_upgrade_20260804_235503.py
  🔗 LINKED: agape-coordination/contributions/meta_upgrade_20260805_005433.py → agape-coordination/contributions/meta_upgrade_20260804_235503.py
  🔗 LINKED: agape-une/contributions/meta_upgrade_20260805_000212.py → agape-une/contributions/meta_upgrade_20260804_235504.py
  🔗 LINKED: agape-une/contributions/meta_upgrade_20260805_003531.py → agape-une/contributions/meta_upgrade_20260804_235504.py
  🔗 LINKED: agape-une/contributions/meta_upgrade_20260805_003727.py → agape-une/contributions/meta_upgrade_20260804_235504.py
  🔗 LINKED: agape-une/contributions/meta_upgrade_20260805_005434.py → agape-une/contributions/meta_upgrade_20260804_235504.py
  🔗 LINKED: black-locust-rmh/handbook_energy_DV.GEN.BL.RMH.001.md → black-locust-rmh/DV.GEN.BL.RMH.001.md
  🔗 LINKED: black-locust-rmh/handbook/energy/DV.GEN.BL.RMH.001.md → black-locust-rmh/DV.GEN.BL.RMH.001.md
  🔗 LINKED: black-locust-rmh/contributions/meta_upgrade_20260805_000214.py → black-locust-rmh/contributions/meta_upgrade_20260804_235506.py
  🔗 LINKED: black-locust-rmh/contributions/meta_upgrade_20260805_003533.py → black-locust-rmh/contributions/meta_upgrade_20260804_235506.py
  🔗 LINKED: black-locust-rmh/contributions/meta_upgrade_20260805_003729.py → black-locust-rmh/contributions/meta_upgrade_20260804_235506.py
  🔗 LINKED: black-locust-rmh/contributions/meta_upgrade_20260805_005436.py → black-locust-rmh/contributions/meta_upgrade_20260804_235506.py
  🔗 LINKED: civilization2.0/contributions/meta_upgrade_20260805_000215.py → civilization2.0/contributions/meta_upgrade_20260804_235507.py
  🔗 LINKED: civilization2.0/contributions/meta_upgrade_20260805_003534.py → civilization2.0/contributions/meta_upgrade_20260804_235507.py
  🔗 LINKED: civilization2.0/contributions/meta_upgrade_20260805_003730.py → civilization2.0/contributions/meta_upgrade_20260804_235507.py
  🔗 LINKED: civilization2.0/contributions/meta_upgrade_20260805_005437.py → civilization2.0/contributions/meta_upgrade_20260804_235507.py
  🔗 LINKED: jesseray718/contributions/meta_upgrade_20260805_000217.py → jesseray718/contributions/meta_upgrade_20260804_235508.py
  🔗 LINKED: jesseray718/contributions/meta_upgrade_20260805_003535.py → jesseray718/contributions/meta_upgrade_20260804_235508.py
  🔗 LINKED: jesseray718/contributions/meta_upgrade_20260805_003731.py → jesseray718/contributions/meta_upgrade_20260804_235508.py
  🔗 LINKED: jesseray718/contributions/meta_upgrade_20260805_005438.py → jesseray718/contributions/meta_upgrade_20260804_235508.py
  🔗 LINKED: open-cell-thermal-open-cell-the/contributions/meta_upgrade_20260805_000219.py → open-cell-thermal-open-cell-the/contributions/meta_upgrade_20260804_235510.py
  🔗 LINKED: open-cell-thermal-open-cell-the/contributions/meta_upgrade_20260805_003536.py → open-cell-thermal-open-cell-the/contributions/meta_upgrade_20260804_235510.py
  🔗 LINKED: open-cell-thermal-open-cell-the/contributions/meta_upgrade_20260805_003732.py → open-cell-thermal-open-cell-the/contributions/meta_upgrade_20260804_235510.py
  🔗 LINKED: open-cell-thermal-open-cell-the/contributions/meta_upgrade_20260805_005439.py → open-cell-thermal-open-cell-the/contributions/meta_upgrade_20260804_235510.py
  🔗 LINKED: OpenCell-Thermal-System/docs/manuscript/nifa-application.md → OpenCell-Thermal-System/nifa-application.md
  🔗 LINKED: OpenCell-Thermal-System/1_code/src/pdf-compile.py → OpenCell-Thermal-System/1_code/src/pdf-comp.py
  🔗 LINKED: renaissance-protocol/library/volumes/06_ENTROPY_LEARNING/entropy_learnjng.md → OpenCell-Thermal-System/docs/manuscript/File: 06_ENTROPY_LEARNING.md
  🔗 LINKED: OpenCell-Thermal-System/contributions/meta_upgrade_20260805_000208.py → OpenCell-Thermal-System/contributions/meta_upgrade_20260804_235459.py
  🔗 LINKED: OpenCell-Thermal-System/contributions/meta_upgrade_20260805_003526.py → OpenCell-Thermal-System/contributions/meta_upgrade_20260804_235459.py
  🔗 LINKED: OpenCell-Thermal-System/contributions/meta_upgrade_20260805_003722.py → OpenCell-Thermal-System/contributions/meta_upgrade_20260804_235459.py
  🔗 LINKED: OpenCell-Thermal-System/contributions/meta_upgrade_20260805_005429.py → OpenCell-Thermal-System/contributions/meta_upgrade_20260804_235459.py
  🔗 LINKED: openroot/.github/copilot-instructions.md → une/docs/copilot-instructions.md
  🔗 LINKED: openroot/docs/copilot-instructions.md → une/docs/copilot-instructions.md
  🔗 LINKED: openroot/computational_flow/queue/task_2_queue.json.aiq_output → openroot/computational_flow/queue/task_1_queue.json.aiq_output
  🔗 LINKED: openroot/computational_flow/queue/task_3_queue.json.aiq_output → openroot/computational_flow/queue/task_1_queue.json.aiq_output
  🔗 LINKED: openroot/computational_flow/queue/task_4_queue.json.aiq_output → openroot/computational_flow/queue/task_1_queue.json.aiq_output
  🔗 LINKED: openroot/context_bridge/foundation_map_20260726_183722.json → openroot/context_bridge/foundation_map.json
  🔗 LINKED: openroot/context_bridge/foundation_map_20260726_185316.json → openroot/context_bridge/foundation_map.json
  🔗 LINKED: openroot/dist/publication/state.md → openroot/docs/context/state.md
  🔗 LINKED: openroot/docs/public-validation/THERMAL-CASCADE-VETIFICATION.md → openroot/dist/zenodo-upload/THERMAL-CASCADE-VETIFICATION.md
  🔗 LINKED: openroot/recovered_blueprints/050_hive_bridge.json → openroot/dump/chunks/050_hive_bridge.json
  🔗 LINKED: openroot/swarm/audits/jesseray718_20260717_041221/metrics.csv → openroot/swarm/audits/jesseray718_20260717_040954/metrics.csv
  🔗 LINKED: openroot/swarm/audits/jesseray718_20260717_041414/metrics.csv → openroot/swarm/audits/jesseray718_20260717_040954/metrics.csv
  🔗 LINKED: openroot/swarm/audits/jesseray718_20260717_041625/metrics.csv → openroot/swarm/audits/jesseray718_20260717_040954/metrics.csv
  🔗 LINKED: openroot/swarm/audits/jesseray718_20260717_042458/metrics.csv → openroot/swarm/audits/jesseray718_20260717_040954/metrics.csv
  🔗 LINKED: openroot/swarm/audits/jesseray718_20260717_042849/metrics.csv → openroot/swarm/audits/jesseray718_20260717_040954/metrics.csv
  🔗 LINKED: openroot/swarm/audits/jesseray718_20260717_043146/metrics.csv → openroot/swarm/audits/jesseray718_20260717_040954/metrics.csv
  🔗 LINKED: openroot/contributions/meta_upgrade_20260805_000223.py → openroot/contributions/meta_upgrade_20260804_235515.py
  🔗 LINKED: openroot/contributions/meta_upgrade_20260805_003542.py → openroot/contributions/meta_upgrade_20260804_235515.py
  🔗 LINKED: openroot/contributions/meta_upgrade_20260805_003737.py → openroot/contributions/meta_upgrade_20260804_235515.py
  🔗 LINKED: openroot/contributions/meta_upgrade_20260805_005443.py → openroot/contributions/meta_upgrade_20260804_235515.py
  🔗 LINKED: openroot-spoke-template/contributions/meta_upgrade_20260805_000225.py → openroot-spoke-template/contributions/meta_upgrade_20260804_235517.py
  🔗 LINKED: openroot-spoke-template/contributions/meta_upgrade_20260805_003543.py → openroot-spoke-template/contributions/meta_upgrade_20260804_235517.py
  🔗 LINKED: openroot-spoke-template/contributions/meta_upgrade_20260805_003739.py → openroot-spoke-template/contributions/meta_upgrade_20260804_235517.py
  🔗 LINKED: openroot-spoke-template/contributions/meta_upgrade_20260805_005445.py → openroot-spoke-template/contributions/meta_upgrade_20260804_235517.py
  🔗 LINKED: renaissance-protocol/library/volumes/06_ENTROPY_LEARNING/scripts/kai_unknown → renaissance-protocol/library/volumes/06_ENTROPY_LEARNING/scripts/joy_log.py
  🔗 LINKED: renaissance-protocol/contributions/meta_upgrade_20260805_000227.py → renaissance-protocol/contributions/meta_upgrade_20260804_235519.py
  🔗 LINKED: renaissance-protocol/contributions/meta_upgrade_20260805_003545.py → renaissance-protocol/contributions/meta_upgrade_20260804_235519.py
  🔗 LINKED: renaissance-protocol/contributions/meta_upgrade_20260805_003740.py → renaissance-protocol/contributions/meta_upgrade_20260804_235519.py
  🔗 LINKED: renaissance-protocol/contributions/meta_upgrade_20260805_005447.py → renaissance-protocol/contributions/meta_upgrade_20260804_235519.py
  🔗 LINKED: skills-introduction-to-github/contributions/meta_upgrade_20260805_000227.py → skills-introduction-to-github/contributions/meta_upgrade_20260804_235520.py
  🔗 LINKED: skills-introduction-to-github/contributions/meta_upgrade_20260805_003545.py → skills-introduction-to-github/contributions/meta_upgrade_20260804_235520.py
  🔗 LINKED: skills-introduction-to-github/contributions/meta_upgrade_20260805_003741.py → skills-introduction-to-github/contributions/meta_upgrade_20260804_235520.py
  🔗 LINKED: skills-introduction-to-github/contributions/meta_upgrade_20260805_005448.py → skills-introduction-to-github/contributions/meta_upgrade_20260804_235520.py
  🔗 LINKED: wisdom-scaffold/computational_flow/drill_scheduler.sh → une/computational_flow/drill_scheduler.sh
  🔗 LINKED: une/contributions/meta_upgrade_20260805_000229.py → une/contributions/meta_upgrade_20260804_235522.py
  🔗 LINKED: une/contributions/meta_upgrade_20260805_003547.py → une/contributions/meta_upgrade_20260804_235522.py
  🔗 LINKED: une/contributions/meta_upgrade_20260805_003742.py → une/contributions/meta_upgrade_20260804_235522.py
  🔗 LINKED: une/contributions/meta_upgrade_20260805_005449.py → une/contributions/meta_upgrade_20260804_235522.py
  🔗 LINKED: wisdom-scaffold/contributions/meta_upgrade_20260805_000231.py → wisdom-scaffold/contributions/meta_upgrade_20260804_235525.py
  🔗 LINKED: wisdom-scaffold/contributions/meta_upgrade_20260805_003549.py → wisdom-scaffold/contributions/meta_upgrade_20260804_235525.py
  🔗 LINKED: wisdom-scaffold/contributions/meta_upgrade_20260805_003744.py → wisdom-scaffold/contributions/meta_upgrade_20260804_235525.py
  🔗 LINKED: wisdom-scaffold/contributions/meta_upgrade_20260805_005451.py → wisdom-scaffold/contributions/meta_upgrade_20260804_235525.py
🔧 DEDUP: Consolidated 130 files into symlinks
🔧 MUTATION: Syntax fix starting...
🔧 SYNTAX: Fixed 0/60 errors
🔧 MUTATION: Hardcoded path fix starting...
🔧 PATHS: Fixed 0/363 hardcoded paths
🔧 MUTATION: Pruning old contributions...
🔧 PRUNED: 1 old contribution files

── PHASE 4: EVOLVE ──
🧬 EVOLUTION: Generating self-improvement patch...
🧬 EVOLUTION: Patch /data/data/com.termux/files/home/une/contributions/auto_evolution_20260805_012217.py generated and verified

── PHASE 5: PRACTICE ──
🔁 PRACTICE: Testing previous evolution patches...
🔁 PRACTICE: 6 passed, 0 failed out of 6 tested

── PHASE 6: SNAPSHOT ──
📸 SNAPSHOT: Capturing post-cycle state...
📸 SNAPSHOT: Saved to /data/data/com.termux/files/home/une/autonomous_snapshot.json

════════════════════════════════════════════════════════════
🏆 CYCLE COMPLETE
   Files scanned: 1424
   Problems found: 423
   Problems fixed: 131
   Lessons learned: 0
   Wisdom patterns blocked: 71
   Evolution patches generated: 1
   Fix rate: 31.0%
════════════════════════════════════════════════════════════
📋 Report saved: /data/data/com.termux/files/home/une/autonomous_report.json
Wed Aug  5 01:22:20 CDT 2026: ── Cycle complete, sleeping 1800s ──
Wed Aug  5 01:23:02 CDT 2026: ── Starting cycle ──
/data/data/com.termux/files/home/une/meta_hub/aerocement/aerocement/beacon.py:43: SyntaxWarning: "\~" is an invalid escape sequence. Such sequences will not work in the future. Did you mean "\\~"? A raw string is also an option.
  "title": "H-003 radiative-capture headline overstated \~10x (likely decimal/units error)",
/data/data/com.termux/files/home/une/meta_hub/openroot/volumetric/aero-disc/scripts/porous_exchanger_design.py:208: SyntaxWarning: "\~" is an invalid escape sequence. Such sequences will not work in the future. Did you mean "\\~"? A raw string is also an option.
  print("  Rule: NTU past \~5 buys almost nothing but extra ΔP.")
════════════════════════════════════════════════════════════
🦁 AUTONOMOUS MESH ENGINE v1.0 — CYCLE START
   Base: /data/data/com.termux/files/home/une
   Meta Hub: /data/data/com.termux/files/home/une/meta_hub
   Wisdom: /data/data/com.termux/files/home/une/wisdom/error_patterns.json
════════════════════════════════════════════════════════════

── PHASE 1: OBSERVE ──
🔍 SCANNER: Deduplication scan starting...
🔍 DEDUP: Found 40 duplicate groups, 130 redundant files, ~4039KB reclaimable
✅ WISDOM HIT: Pattern already known — duplicate_file
✅ WISDOM HIT: Pattern already known — duplicate_file
✅ WISDOM HIT: Pattern already known — duplicate_file
✅ WISDOM HIT: Pattern already known — duplicate_file
✅ WISDOM HIT: Pattern already known — duplicate_file
🔍 SCANNER: Syntax scan starting...
❌ SYNTAX ERROR: aerocement/rmh.py:56 — invalid syntax. Perhaps you forgot a comma?
✅ WISDOM HIT: Pattern already known — syntax_error
❌ SYNTAX ERROR: aerocement/scripts/data_logger.py:2 — invalid syntax
✅ WISDOM HIT: Pattern already known — syntax_error
❌ SYNTAX ERROR: aerocement/scripts/data_logger_v03.py:16 — invalid syntax. Is this intended to be part of the string?
✅ WISDOM HIT: Pattern already known — syntax_error
❌ SYNTAX ERROR: aerocement/une-dev/test_une_fixed.py:19 — invalid syntax. Perhaps you forgot a comma?
✅ WISDOM HIT: Pattern already known — syntax_error
❌ SYNTAX ERROR: agape-coordination/agape_engine.py:57 — invalid syntax. Is this intended to be part of the string?
✅ WISDOM HIT: Pattern already known — syntax_error
❌ SYNTAX ERROR: agape-coordination/swarm_core_v3.py:41 — invalid syntax
✅ WISDOM HIT: Pattern already known — syntax_error
❌ SYNTAX ERROR: OpenCell-Thermal-System/1_code/src/pdf-comp.py:1 — invalid syntax
✅ WISDOM HIT: Pattern already known — syntax_error
❌ SYNTAX ERROR: OpenCell-Thermal-System/1_code/src/pdf-compile.py:1 — invalid syntax
✅ WISDOM HIT: Pattern already known — syntax_error
❌ SYNTAX ERROR: openroot/test_configs.py:6 — invalid syntax. Is this intended to be part of the string?
✅ WISDOM HIT: Pattern already known — syntax_error
❌ SYNTAX ERROR: openroot/bin/acre_mint_claim.py:13 — invalid syntax. Is this intended to be part of the string?
✅ WISDOM HIT: Pattern already known — syntax_error
❌ SYNTAX ERROR: openroot/bin/auto_sensor_capture.py:14 — invalid syntax. Is this intended to be part of the string?
✅ WISDOM HIT: Pattern already known — syntax_error
❌ SYNTAX ERROR: openroot/bin/embed_docs.py:7 — invalid syntax. Perhaps you forgot a comma?
✅ WISDOM HIT: Pattern already known — syntax_error
❌ SYNTAX ERROR: openroot/bin/h003_resonant_solver.py:348 — invalid decimal literal
✅ WISDOM HIT: Pattern already known — syntax_error
❌ SYNTAX ERROR: openroot/bin/instrument_ledger.py:15 — invalid syntax. Is this intended to be part of the string?
✅ WISDOM HIT: Pattern already known — syntax_error
❌ SYNTAX ERROR: openroot/bin/offline_rank.py:6 — invalid syntax. Perhaps you forgot a comma?
✅ WISDOM HIT: Pattern already known — syntax_error
❌ SYNTAX ERROR: openroot/bin/offline_writer.py:12 — invalid syntax. Perhaps you forgot a comma?
✅ WISDOM HIT: Pattern already known — syntax_error
❌ SYNTAX ERROR: openroot/bin/orphan_cleanup.py:16 — invalid syntax. Is this intended to be part of the string?
✅ WISDOM HIT: Pattern already known — syntax_error
❌ SYNTAX ERROR: openroot/bin/query_agent.py:12 — invalid syntax. Perhaps you forgot a comma?
✅ WISDOM HIT: Pattern already known — syntax_error
❌ SYNTAX ERROR: openroot/bin/thermal_v62_balanced.py:300 — invalid syntax. Perhaps you forgot a comma?
✅ WISDOM HIT: Pattern already known — syntax_error
❌ SYNTAX ERROR: openroot/bin/vecquery.py:8 — invalid syntax. Perhaps you forgot a comma?
✅ WISDOM HIT: Pattern already known — syntax_error
❌ SYNTAX ERROR: openroot/context_bridge/absorb_full_session.py:5 — invalid syntax
✅ WISDOM HIT: Pattern already known — syntax_error
❌ SYNTAX ERROR: openroot/context_bridge/absorb_now.py:5 — invalid syntax
✅ WISDOM HIT: Pattern already known — syntax_error
❌ SYNTAX ERROR: openroot/context_bridge/absorb_to_wisdom.py:5 — invalid syntax
✅ WISDOM HIT: Pattern already known — syntax_error
❌ SYNTAX ERROR: openroot/context_bridge/openroot_state.py:11 — invalid syntax. Perhaps you forgot a comma?
✅ WISDOM HIT: Pattern already known — syntax_error
❌ SYNTAX ERROR: openroot/lattice/meta_mesh_engine.py:17 — invalid syntax. Is this intended to be part of the string?
✅ WISDOM HIT: Pattern already known — syntax_error
❌ SYNTAX ERROR: openroot/ledger/cpu_joules.py:5 — invalid syntax
✅ WISDOM HIT: Pattern already known — syntax_error
❌ SYNTAX ERROR: openroot/ledger/merkle_joule_ledger.py:12 — invalid syntax. Perhaps you forgot a comma?
✅ WISDOM HIT: Pattern already known — syntax_error
❌ SYNTAX ERROR: openroot/ledger/state_and_viz.py:6 — invalid syntax
✅ WISDOM HIT: Pattern already known — syntax_error
❌ SYNTAX ERROR: openroot/ledger/thermo_ledger.py:4 — invalid syntax
✅ WISDOM HIT: Pattern already known — syntax_error
❌ SYNTAX ERROR: openroot/ledger/thermo_ledger_sqlite.py:5 — invalid syntax
✅ WISDOM HIT: Pattern already known — syntax_error
❌ SYNTAX ERROR: renaissance-protocol/src/log_temp.py:1 — invalid syntax
✅ WISDOM HIT: Pattern already known — syntax_error
❌ SYNTAX ERROR: une/absorb_batch.py:90 — invalid syntax. Is this intended to be part of the string?
✅ WISDOM HIT: Pattern already known — syntax_error
❌ SYNTAX ERROR: une/alchemy_transmute.py:115 — invalid syntax. Perhaps you forgot a comma?
✅ WISDOM HIT: Pattern already known — syntax_error
❌ SYNTAX ERROR: une/apply_all.py:77 — invalid syntax. Perhaps you forgot a comma?
✅ WISDOM HIT: Pattern already known — syntax_error
❌ SYNTAX ERROR: une/build_final.py:7 — invalid syntax. Perhaps you forgot a comma?
✅ WISDOM HIT: Pattern already known — syntax_error
❌ SYNTAX ERROR: une/bulk_migrate.py:6 — invalid syntax. Perhaps you forgot a comma?
✅ WISDOM HIT: Pattern already known — syntax_error
❌ SYNTAX ERROR: une/cleanup_final.py:6 — invalid syntax. Perhaps you forgot a comma?
✅ WISDOM HIT: Pattern already known — syntax_error
❌ SYNTAX ERROR: une/create_scripture_corpus.py:1039 — '{' was never closed
✅ WISDOM HIT: Pattern already known — syntax_error
❌ SYNTAX ERROR: une/evolution_engine.py:9 — invalid syntax. Is this intended to be part of the string?
✅ WISDOM HIT: Pattern already known — syntax_error
❌ SYNTAX ERROR: une/final_fix.py:6 — invalid syntax. Perhaps you forgot a comma?
✅ WISDOM HIT: Pattern already known — syntax_error
❌ SYNTAX ERROR: une/fix_all_issues.py:6 — invalid syntax. Perhaps you forgot a comma?
✅ WISDOM HIT: Pattern already known — syntax_error
❌ SYNTAX ERROR: une/fix_round2.py:6 — invalid syntax. Perhaps you forgot a comma?
✅ WISDOM HIT: Pattern already known — syntax_error
❌ SYNTAX ERROR: une/guardian.py:21 — invalid syntax. Is this intended to be part of the string?
✅ WISDOM HIT: Pattern already known — syntax_error
❌ SYNTAX ERROR: une/guardian_v4.py:12 — invalid syntax. Is this intended to be part of the string?
✅ WISDOM HIT: Pattern already known — syntax_error
❌ SYNTAX ERROR: une/kernel_init.py:10 — invalid syntax. Is this intended to be part of the string?
✅ WISDOM HIT: Pattern already known — syntax_error
❌ SYNTAX ERROR: une/last_fix.py:6 — invalid syntax. Perhaps you forgot a comma?
✅ WISDOM HIT: Pattern already known — syntax_error
❌ SYNTAX ERROR: une/note.py:6 — invalid syntax. Is this intended to be part of the string?
✅ WISDOM HIT: Pattern already known — syntax_error
❌ SYNTAX ERROR: une/repair_imports.py:6 — invalid syntax. Perhaps you forgot a comma?
✅ WISDOM HIT: Pattern already known — syntax_error
❌ SYNTAX ERROR: une/self_clone.py:10 — invalid syntax
✅ WISDOM HIT: Pattern already known — syntax_error
❌ SYNTAX ERROR: une/snapshot.py:15 — invalid syntax. Perhaps you forgot a comma?
✅ WISDOM HIT: Pattern already known — syntax_error
❌ SYNTAX ERROR: une/swarm_query.py:31 — invalid syntax
✅ WISDOM HIT: Pattern already known — syntax_error
❌ SYNTAX ERROR: une/ultimate_fix.py:6 — invalid syntax. Perhaps you forgot a comma?
✅ WISDOM HIT: Pattern already known — syntax_error
❌ SYNTAX ERROR: une/wire_core.py:13 — invalid syntax. Perhaps you forgot a comma?
✅ WISDOM HIT: Pattern already known — syntax_error
❌ SYNTAX ERROR: une/computational_flow/atomic_scan.py:17 — invalid syntax. Perhaps you forgot a comma?
✅ WISDOM HIT: Pattern already known — syntax_error
❌ SYNTAX ERROR: une/computational_flow/extract_seed.py:41 — invalid syntax. Perhaps you forgot a comma?
✅ WISDOM HIT: Pattern already known — syntax_error
❌ SYNTAX ERROR: une/computational_flow/fs_hook.py:14 — invalid syntax. Perhaps you forgot a comma?
✅ WISDOM HIT: Pattern already known — syntax_error
❌ SYNTAX ERROR: une/computational_flow/push_proof.py:17 — invalid syntax
✅ WISDOM HIT: Pattern already known — syntax_error
❌ SYNTAX ERROR: une/tools/stream_of_thought.py:14 — invalid syntax. Is this intended to be part of the string?
✅ WISDOM HIT: Pattern already known — syntax_error
❌ SYNTAX ERROR: wisdom-scaffold/computational_flow/fusion_core.py:58 — invalid syntax. Is this intended to be part of the string?
✅ WISDOM HIT: Pattern already known — syntax_error
❌ SYNTAX ERROR: wisdom-scaffold/computational_flow/fusion_sensor_wrapper.py:43 — invalid syntax. Perhaps you forgot a comma?
✅ WISDOM HIT: Pattern already known — syntax_error
🔍 SYNTAX: Found 60 syntax errors
🔍 SCANNER: Hardcoded path scan starting...
🔍 PATHS: Found 363 hardcoded path references
✅ WISDOM HIT: Pattern already known — hardcoded_path
✅ WISDOM HIT: Pattern already known — hardcoded_path
✅ WISDOM HIT: Pattern already known — hardcoded_path
✅ WISDOM HIT: Pattern already known — hardcoded_path
✅ WISDOM HIT: Pattern already known — hardcoded_path
🔍 SCANNER: Contributions bloat scan starting...
🔍 CONTRIBUTIONS: 6 files, 1 can be pruned
✅ WISDOM HIT: Pattern already known — contributions_bloat

── PHASE 2: DIAGNOSE ──
   Total problems found: 423
   Lessons learned: 0
   Known patterns blocked: 71

── PHASE 3: MUTATE ──
🔧 MUTATION: Deduplication fix starting...
  🔗 LINKED: aerocement/data/.gitkeep → une/une/__init__.py
  🔗 LINKED: OpenCell-Thermal-System/0_data/raw/raw_data.csv → une/une/__init__.py
  🔗 LINKED: OpenCell-Thermal-System/docs/specifications/permissions-audit.txt → une/une/__init__.py
  🔗 LINKED: openroot/relay/input.txt → une/une/__init__.py
  🔗 LINKED: openroot-spoke-template/bom/.gitkeep → une/une/__init__.py
  🔗 LINKED: openroot-spoke-template/cad/.gitkeep → une/une/__init__.py
  🔗 LINKED: openroot-spoke-template/docs/.gitkeep → une/une/__init__.py
  🔗 LINKED: openroot-spoke-template/src/.gitkeep → une/une/__init__.py
  🔗 LINKED: renaissance-protocol/docs/case_studies/README.md → une/une/__init__.py
  🔗 LINKED: renaissance-protocol/docs/engineering/README.md → une/une/__init__.py
  🔗 LINKED: renaissance-protocol/hardware/hho/README.md → une/une/__init__.py
  🔗 LINKED: renaissance-protocol/hardware/labyrinth/README.md → une/une/__init__.py
  🔗 LINKED: renaissance-protocol/hardware/panels/README.md → une/une/__init__.py
  🔗 LINKED: renaissance-protocol/hardware/stirling/README.md → une/une/__init__.py
  🔗 LINKED: renaissance-protocol/hardware/welder/HHO_Electrolysis_Module.md → une/une/__init__.py
  🔗 LINKED: renaissance-protocol/library/volumes/README.md → une/une/__init__.py
  🔗 LINKED: renaissance-protocol/src/README.md → une/une/__init__.py
  🔗 LINKED: wisdom-scaffold/--body → une/une/__init__.py
  🔗 LINKED: wisdom-scaffold/--label → une/une/__init__.py
  🔗 LINKED: wisdom-scaffold/--repo → une/une/__init__.py
  🔗 LINKED: wisdom-scaffold/--title → une/une/__init__.py
  🔗 LINKED: openroot/recovered_blueprints/une_h003_capture.sh → aerocement/observations/une_h003_capture.sh
  🔗 LINKED: openroot/computational_flow/tasks/task_h003.json → aerocement/swarm/tasks/task_h003.json
  🔗 LINKED: openroot/une_protocol/demo_final.py → aerocement/une-dev/demo_final.py
  🔗 LINKED: openroot/recovered_blueprints/une_server_old.py → aerocement/une-dev/une_server_old.py
  🔗 LINKED: aerocement/contributions/meta_upgrade_20260805_000209.py → aerocement/contributions/meta_upgrade_20260804_235501.py
  🔗 LINKED: aerocement/contributions/meta_upgrade_20260805_003528.py → aerocement/contributions/meta_upgrade_20260804_235501.py
  🔗 LINKED: aerocement/contributions/meta_upgrade_20260805_003724.py → aerocement/contributions/meta_upgrade_20260804_235501.py
  🔗 LINKED: aerocement/contributions/meta_upgrade_20260805_005431.py → aerocement/contributions/meta_upgrade_20260804_235501.py
  🔗 LINKED: aerocement-/.gitignore → agape-une/.gitignore
  🔗 LINKED: agape-coordination/.gitignore → agape-une/.gitignore
  🔗 LINKED: black-locust-rmh/.gitignore → agape-une/.gitignore
  🔗 LINKED: civilization2.0/.gitignore → agape-une/.gitignore
  🔗 LINKED: open-cell-thermal-open-cell-the/.gitignore → agape-une/.gitignore
  🔗 LINKED: OpenCell-Thermal-System/.gitignore → agape-une/.gitignore
  🔗 LINKED: wisdom-scaffold/.gitignore → agape-une/.gitignore
  🔗 LINKED: aerocement-/LICENSE → agape-une/LICENSE
  🔗 LINKED: AeroCement_Ecosystem/LICENSE → agape-une/LICENSE
  🔗 LINKED: agape-coordination/LICENSE → agape-une/LICENSE
  🔗 LINKED: black-locust-rmh/LICENSE → agape-une/LICENSE
  🔗 LINKED: civilization2.0/LICENSE → agape-une/LICENSE
  🔗 LINKED: jesseray718/LICENSE → agape-une/LICENSE
  🔗 LINKED: open-cell-thermal-open-cell-the/LICENSE → agape-une/LICENSE
  🔗 LINKED: aerocement-/contributions/meta_upgrade_20260805_000210.py → aerocement-/contributions/meta_upgrade_20260804_235502.py
  🔗 LINKED: aerocement-/contributions/meta_upgrade_20260805_003529.py → aerocement-/contributions/meta_upgrade_20260804_235502.py
  🔗 LINKED: aerocement-/contributions/meta_upgrade_20260805_003725.py → aerocement-/contributions/meta_upgrade_20260804_235502.py
  🔗 LINKED: aerocement-/contributions/meta_upgrade_20260805_005432.py → aerocement-/contributions/meta_upgrade_20260804_235502.py
  🔗 LINKED: AeroCement_Ecosystem/contributions/meta_upgrade_20260805_000206.py → AeroCement_Ecosystem/contributions/meta_upgrade_20260804_235457.py
  🔗 LINKED: AeroCement_Ecosystem/contributions/meta_upgrade_20260805_003525.py → AeroCement_Ecosystem/contributions/meta_upgrade_20260804_235457.py
  🔗 LINKED: AeroCement_Ecosystem/contributions/meta_upgrade_20260805_003721.py → AeroCement_Ecosystem/contributions/meta_upgrade_20260804_235457.py
  🔗 LINKED: AeroCement_Ecosystem/contributions/meta_upgrade_20260805_005428.py → AeroCement_Ecosystem/contributions/meta_upgrade_20260804_235457.py
  🔗 LINKED: agape-coordination/AGAPE_THESIS.md → une/AGAPE_THESIS.md
  🔗 LINKED: une/computational_flow/agape_stress_test.py → agape-coordination/agape_stress_test.py
  🔗 LINKED: une/computational_flow/cosmic_query_engine.py → agape-coordination/cosmic_query_engine.py
  🔗 LINKED: une/computational_flow/thermal_cascade_optimizer.py → agape-coordination/thermal_cascade_optimizer.py
  🔗 LINKED: agape-coordination/contributions/meta_upgrade_20260805_000211.py → agape-coordination/contributions/meta_upgrade_20260804_235503.py
  🔗 LINKED: agape-coordination/contributions/meta_upgrade_20260805_003530.py → agape-coordination/contributions/meta_upgrade_20260804_235503.py
  🔗 LINKED: agape-coordination/contributions/meta_upgrade_20260805_003726.py → agape-coordination/contributions/meta_upgrade_20260804_235503.py
  🔗 LINKED: agape-coordination/contributions/meta_upgrade_20260805_005433.py → agape-coordination/contributions/meta_upgrade_20260804_235503.py
  🔗 LINKED: agape-une/contributions/meta_upgrade_20260805_000212.py → agape-une/contributions/meta_upgrade_20260804_235504.py
  🔗 LINKED: agape-une/contributions/meta_upgrade_20260805_003531.py → agape-une/contributions/meta_upgrade_20260804_235504.py
  🔗 LINKED: agape-une/contributions/meta_upgrade_20260805_003727.py → agape-une/contributions/meta_upgrade_20260804_235504.py
  🔗 LINKED: agape-une/contributions/meta_upgrade_20260805_005434.py → agape-une/contributions/meta_upgrade_20260804_235504.py
  🔗 LINKED: black-locust-rmh/handbook_energy_DV.GEN.BL.RMH.001.md → black-locust-rmh/DV.GEN.BL.RMH.001.md
  🔗 LINKED: black-locust-rmh/handbook/energy/DV.GEN.BL.RMH.001.md → black-locust-rmh/DV.GEN.BL.RMH.001.md
  🔗 LINKED: black-locust-rmh/contributions/meta_upgrade_20260805_000214.py → black-locust-rmh/contributions/meta_upgrade_20260804_235506.py
  🔗 LINKED: black-locust-rmh/contributions/meta_upgrade_20260805_003533.py → black-locust-rmh/contributions/meta_upgrade_20260804_235506.py
  🔗 LINKED: black-locust-rmh/contributions/meta_upgrade_20260805_003729.py → black-locust-rmh/contributions/meta_upgrade_20260804_235506.py
  🔗 LINKED: black-locust-rmh/contributions/meta_upgrade_20260805_005436.py → black-locust-rmh/contributions/meta_upgrade_20260804_235506.py
  🔗 LINKED: civilization2.0/contributions/meta_upgrade_20260805_000215.py → civilization2.0/contributions/meta_upgrade_20260804_235507.py
  🔗 LINKED: civilization2.0/contributions/meta_upgrade_20260805_003534.py → civilization2.0/contributions/meta_upgrade_20260804_235507.py
  🔗 LINKED: civilization2.0/contributions/meta_upgrade_20260805_003730.py → civilization2.0/contributions/meta_upgrade_20260804_235507.py
  🔗 LINKED: civilization2.0/contributions/meta_upgrade_20260805_005437.py → civilization2.0/contributions/meta_upgrade_20260804_235507.py
  🔗 LINKED: jesseray718/contributions/meta_upgrade_20260805_000217.py → jesseray718/contributions/meta_upgrade_20260804_235508.py
  🔗 LINKED: jesseray718/contributions/meta_upgrade_20260805_003535.py → jesseray718/contributions/meta_upgrade_20260804_235508.py
  🔗 LINKED: jesseray718/contributions/meta_upgrade_20260805_003731.py → jesseray718/contributions/meta_upgrade_20260804_235508.py
  🔗 LINKED: jesseray718/contributions/meta_upgrade_20260805_005438.py → jesseray718/contributions/meta_upgrade_20260804_235508.py
  🔗 LINKED: open-cell-thermal-open-cell-the/contributions/meta_upgrade_20260805_000219.py → open-cell-thermal-open-cell-the/contributions/meta_upgrade_20260804_235510.py
  🔗 LINKED: open-cell-thermal-open-cell-the/contributions/meta_upgrade_20260805_003536.py → open-cell-thermal-open-cell-the/contributions/meta_upgrade_20260804_235510.py
  🔗 LINKED: open-cell-thermal-open-cell-the/contributions/meta_upgrade_20260805_003732.py → open-cell-thermal-open-cell-the/contributions/meta_upgrade_20260804_235510.py
  🔗 LINKED: open-cell-thermal-open-cell-the/contributions/meta_upgrade_20260805_005439.py → open-cell-thermal-open-cell-the/contributions/meta_upgrade_20260804_235510.py
  🔗 LINKED: OpenCell-Thermal-System/docs/manuscript/nifa-application.md → OpenCell-Thermal-System/nifa-application.md
  🔗 LINKED: OpenCell-Thermal-System/1_code/src/pdf-compile.py → OpenCell-Thermal-System/1_code/src/pdf-comp.py
  🔗 LINKED: renaissance-protocol/library/volumes/06_ENTROPY_LEARNING/entropy_learnjng.md → OpenCell-Thermal-System/docs/manuscript/File: 06_ENTROPY_LEARNING.md
  🔗 LINKED: OpenCell-Thermal-System/contributions/meta_upgrade_20260805_000208.py → OpenCell-Thermal-System/contributions/meta_upgrade_20260804_235459.py
  🔗 LINKED: OpenCell-Thermal-System/contributions/meta_upgrade_20260805_003526.py → OpenCell-Thermal-System/contributions/meta_upgrade_20260804_235459.py
  🔗 LINKED: OpenCell-Thermal-System/contributions/meta_upgrade_20260805_003722.py → OpenCell-Thermal-System/contributions/meta_upgrade_20260804_235459.py
  🔗 LINKED: OpenCell-Thermal-System/contributions/meta_upgrade_20260805_005429.py → OpenCell-Thermal-System/contributions/meta_upgrade_20260804_235459.py
  🔗 LINKED: openroot/.github/copilot-instructions.md → une/docs/copilot-instructions.md
  🔗 LINKED: openroot/docs/copilot-instructions.md → une/docs/copilot-instructions.md
  🔗 LINKED: openroot/computational_flow/queue/task_2_queue.json.aiq_output → openroot/computational_flow/queue/task_1_queue.json.aiq_output
  🔗 LINKED: openroot/computational_flow/queue/task_3_queue.json.aiq_output → openroot/computational_flow/queue/task_1_queue.json.aiq_output
  🔗 LINKED: openroot/computational_flow/queue/task_4_queue.json.aiq_output → openroot/computational_flow/queue/task_1_queue.json.aiq_output
  🔗 LINKED: openroot/context_bridge/foundation_map_20260726_183722.json → openroot/context_bridge/foundation_map.json
  🔗 LINKED: openroot/context_bridge/foundation_map_20260726_185316.json → openroot/context_bridge/foundation_map.json
  🔗 LINKED: openroot/dist/publication/state.md → openroot/docs/context/state.md
  🔗 LINKED: openroot/docs/public-validation/THERMAL-CASCADE-VETIFICATION.md → openroot/dist/zenodo-upload/THERMAL-CASCADE-VETIFICATION.md
  🔗 LINKED: openroot/recovered_blueprints/050_hive_bridge.json → openroot/dump/chunks/050_hive_bridge.json
  🔗 LINKED: openroot/swarm/audits/jesseray718_20260717_041221/metrics.csv → openroot/swarm/audits/jesseray718_20260717_040954/metrics.csv
  🔗 LINKED: openroot/swarm/audits/jesseray718_20260717_041414/metrics.csv → openroot/swarm/audits/jesseray718_20260717_040954/metrics.csv
  🔗 LINKED: openroot/swarm/audits/jesseray718_20260717_041625/metrics.csv → openroot/swarm/audits/jesseray718_20260717_040954/metrics.csv
  🔗 LINKED: openroot/swarm/audits/jesseray718_20260717_042458/metrics.csv → openroot/swarm/audits/jesseray718_20260717_040954/metrics.csv
  🔗 LINKED: openroot/swarm/audits/jesseray718_20260717_042849/metrics.csv → openroot/swarm/audits/jesseray718_20260717_040954/metrics.csv
  🔗 LINKED: openroot/swarm/audits/jesseray718_20260717_043146/metrics.csv → openroot/swarm/audits/jesseray718_20260717_040954/metrics.csv
  🔗 LINKED: openroot/contributions/meta_upgrade_20260805_000223.py → openroot/contributions/meta_upgrade_20260804_235515.py
  🔗 LINKED: openroot/contributions/meta_upgrade_20260805_003542.py → openroot/contributions/meta_upgrade_20260804_235515.py
  🔗 LINKED: openroot/contributions/meta_upgrade_20260805_003737.py → openroot/contributions/meta_upgrade_20260804_235515.py
  🔗 LINKED: openroot/contributions/meta_upgrade_20260805_005443.py → openroot/contributions/meta_upgrade_20260804_235515.py
  🔗 LINKED: openroot-spoke-template/contributions/meta_upgrade_20260805_000225.py → openroot-spoke-template/contributions/meta_upgrade_20260804_235517.py
  🔗 LINKED: openroot-spoke-template/contributions/meta_upgrade_20260805_003543.py → openroot-spoke-template/contributions/meta_upgrade_20260804_235517.py
  🔗 LINKED: openroot-spoke-template/contributions/meta_upgrade_20260805_003739.py → openroot-spoke-template/contributions/meta_upgrade_20260804_235517.py
  🔗 LINKED: openroot-spoke-template/contributions/meta_upgrade_20260805_005445.py → openroot-spoke-template/contributions/meta_upgrade_20260804_235517.py
  🔗 LINKED: renaissance-protocol/library/volumes/06_ENTROPY_LEARNING/scripts/kai_unknown → renaissance-protocol/library/volumes/06_ENTROPY_LEARNING/scripts/joy_log.py
  🔗 LINKED: renaissance-protocol/contributions/meta_upgrade_20260805_000227.py → renaissance-protocol/contributions/meta_upgrade_20260804_235519.py
  🔗 LINKED: renaissance-protocol/contributions/meta_upgrade_20260805_003545.py → renaissance-protocol/contributions/meta_upgrade_20260804_235519.py
  🔗 LINKED: renaissance-protocol/contributions/meta_upgrade_20260805_003740.py → renaissance-protocol/contributions/meta_upgrade_20260804_235519.py
  🔗 LINKED: renaissance-protocol/contributions/meta_upgrade_20260805_005447.py → renaissance-protocol/contributions/meta_upgrade_20260804_235519.py
  🔗 LINKED: skills-introduction-to-github/contributions/meta_upgrade_20260805_000227.py → skills-introduction-to-github/contributions/meta_upgrade_20260804_235520.py
  🔗 LINKED: skills-introduction-to-github/contributions/meta_upgrade_20260805_003545.py → skills-introduction-to-github/contributions/meta_upgrade_20260804_235520.py
  🔗 LINKED: skills-introduction-to-github/contributions/meta_upgrade_20260805_003741.py → skills-introduction-to-github/contributions/meta_upgrade_20260804_235520.py
  🔗 LINKED: skills-introduction-to-github/contributions/meta_upgrade_20260805_005448.py → skills-introduction-to-github/contributions/meta_upgrade_20260804_235520.py
  🔗 LINKED: wisdom-scaffold/computational_flow/drill_scheduler.sh → une/computational_flow/drill_scheduler.sh
  🔗 LINKED: une/contributions/meta_upgrade_20260805_000229.py → une/contributions/meta_upgrade_20260804_235522.py
  🔗 LINKED: une/contributions/meta_upgrade_20260805_003547.py → une/contributions/meta_upgrade_20260804_235522.py
  🔗 LINKED: une/contributions/meta_upgrade_20260805_003742.py → une/contributions/meta_upgrade_20260804_235522.py
  🔗 LINKED: une/contributions/meta_upgrade_20260805_005449.py → une/contributions/meta_upgrade_20260804_235522.py
  🔗 LINKED: wisdom-scaffold/contributions/meta_upgrade_20260805_000231.py → wisdom-scaffold/contributions/meta_upgrade_20260804_235525.py
  🔗 LINKED: wisdom-scaffold/contributions/meta_upgrade_20260805_003549.py → wisdom-scaffold/contributions/meta_upgrade_20260804_235525.py
  🔗 LINKED: wisdom-scaffold/contributions/meta_upgrade_20260805_003744.py → wisdom-scaffold/contributions/meta_upgrade_20260804_235525.py
  🔗 LINKED: wisdom-scaffold/contributions/meta_upgrade_20260805_005451.py → wisdom-scaffold/contributions/meta_upgrade_20260804_235525.py
🔧 DEDUP: Consolidated 130 files into symlinks
🔧 MUTATION: Syntax fix starting...
🔧 SYNTAX: Fixed 0/60 errors
🔧 MUTATION: Hardcoded path fix starting...
🔧 PATHS: Fixed 0/363 hardcoded paths
🔧 MUTATION: Pruning old contributions...
🔧 PRUNED: 1 old contribution files

── PHASE 4: EVOLVE ──
🧬 EVOLUTION: Generating self-improvement patch...
🧬 EVOLUTION: Patch /data/data/com.termux/files/home/une/contributions/auto_evolution_20260805_012304.py generated and verified

── PHASE 5: PRACTICE ──
🔁 PRACTICE: Testing previous evolution patches...
🔁 PRACTICE: 6 passed, 0 failed out of 6 tested

── PHASE 6: SNAPSHOT ──
📸 SNAPSHOT: Capturing post-cycle state...
📸 SNAPSHOT: Saved to /data/data/com.termux/files/home/une/autonomous_snapshot.json

════════════════════════════════════════════════════════════
🏆 CYCLE COMPLETE
   Files scanned: 1424
   Problems found: 423
   Problems fixed: 131
   Lessons learned: 0
   Wisdom patterns blocked: 71
   Evolution patches generated: 1
   Fix rate: 31.0%
════════════════════════════════════════════════════════════
📋 Report saved: /data/data/com.termux/files/home/une/autonomous_report.json
Wed Aug  5 01:23:08 CDT 2026: ── Cycle complete, sleeping 1800s ──
Wed Aug  5 01:52:20 CDT 2026: ── Starting cycle ──
/data/data/com.termux/files/home/une/meta_hub/aerocement/aerocement/beacon.py:43: SyntaxWarning: "\~" is an invalid escape sequence. Such sequences will not work in the future. Did you mean "\\~"? A raw string is also an option.
  "title": "H-003 radiative-capture headline overstated \~10x (likely decimal/units error)",
/data/data/com.termux/files/home/une/meta_hub/openroot/volumetric/aero-disc/scripts/porous_exchanger_design.py:208: SyntaxWarning: "\~" is an invalid escape sequence. Such sequences will not work in the future. Did you mean "\\~"? A raw string is also an option.
  print("  Rule: NTU past \~5 buys almost nothing but extra ΔP.")
════════════════════════════════════════════════════════════
🦁 AUTONOMOUS MESH ENGINE v1.0 — CYCLE START
   Base: /data/data/com.termux/files/home/une
   Meta Hub: /data/data/com.termux/files/home/une/meta_hub
   Wisdom: /data/data/com.termux/files/home/une/wisdom/error_patterns.json
════════════════════════════════════════════════════════════

── PHASE 1: OBSERVE ──
🔍 SCANNER: Deduplication scan starting...
🔍 DEDUP: Found 40 duplicate groups, 130 redundant files, ~4039KB reclaimable
✅ WISDOM HIT: Pattern already known — duplicate_file
✅ WISDOM HIT: Pattern already known — duplicate_file
✅ WISDOM HIT: Pattern already known — duplicate_file
✅ WISDOM HIT: Pattern already known — duplicate_file
✅ WISDOM HIT: Pattern already known — duplicate_file
🔍 SCANNER: Syntax scan starting...
❌ SYNTAX ERROR: aerocement/rmh.py:56 — invalid syntax. Perhaps you forgot a comma?
✅ WISDOM HIT: Pattern already known — syntax_error
❌ SYNTAX ERROR: aerocement/scripts/data_logger.py:2 — invalid syntax
✅ WISDOM HIT: Pattern already known — syntax_error
❌ SYNTAX ERROR: aerocement/scripts/data_logger_v03.py:16 — invalid syntax. Is this intended to be part of the string?
✅ WISDOM HIT: Pattern already known — syntax_error
❌ SYNTAX ERROR: aerocement/une-dev/test_une_fixed.py:19 — invalid syntax. Perhaps you forgot a comma?
✅ WISDOM HIT: Pattern already known — syntax_error
❌ SYNTAX ERROR: agape-coordination/agape_engine.py:57 — invalid syntax. Is this intended to be part of the string?
✅ WISDOM HIT: Pattern already known — syntax_error
❌ SYNTAX ERROR: agape-coordination/swarm_core_v3.py:41 — invalid syntax
✅ WISDOM HIT: Pattern already known — syntax_error
❌ SYNTAX ERROR: OpenCell-Thermal-System/1_code/src/pdf-comp.py:1 — invalid syntax
✅ WISDOM HIT: Pattern already known — syntax_error
❌ SYNTAX ERROR: OpenCell-Thermal-System/1_code/src/pdf-compile.py:1 — invalid syntax
✅ WISDOM HIT: Pattern already known — syntax_error
❌ SYNTAX ERROR: openroot/test_configs.py:6 — invalid syntax. Is this intended to be part of the string?
✅ WISDOM HIT: Pattern already known — syntax_error
❌ SYNTAX ERROR: openroot/bin/acre_mint_claim.py:13 — invalid syntax. Is this intended to be part of the string?
✅ WISDOM HIT: Pattern already known — syntax_error
❌ SYNTAX ERROR: openroot/bin/auto_sensor_capture.py:14 — invalid syntax. Is this intended to be part of the string?
✅ WISDOM HIT: Pattern already known — syntax_error
❌ SYNTAX ERROR: openroot/bin/embed_docs.py:7 — invalid syntax. Perhaps you forgot a comma?
✅ WISDOM HIT: Pattern already known — syntax_error
❌ SYNTAX ERROR: openroot/bin/h003_resonant_solver.py:348 — invalid decimal literal
✅ WISDOM HIT: Pattern already known — syntax_error
❌ SYNTAX ERROR: openroot/bin/instrument_ledger.py:15 — invalid syntax. Is this intended to be part of the string?
✅ WISDOM HIT: Pattern already known — syntax_error
❌ SYNTAX ERROR: openroot/bin/offline_rank.py:6 — invalid syntax. Perhaps you forgot a comma?
✅ WISDOM HIT: Pattern already known — syntax_error
❌ SYNTAX ERROR: openroot/bin/offline_writer.py:12 — invalid syntax. Perhaps you forgot a comma?
✅ WISDOM HIT: Pattern already known — syntax_error
❌ SYNTAX ERROR: openroot/bin/orphan_cleanup.py:16 — invalid syntax. Is this intended to be part of the string?
✅ WISDOM HIT: Pattern already known — syntax_error
❌ SYNTAX ERROR: openroot/bin/query_agent.py:12 — invalid syntax. Perhaps you forgot a comma?
✅ WISDOM HIT: Pattern already known — syntax_error
❌ SYNTAX ERROR: openroot/bin/thermal_v62_balanced.py:300 — invalid syntax. Perhaps you forgot a comma?
✅ WISDOM HIT: Pattern already known — syntax_error
❌ SYNTAX ERROR: openroot/bin/vecquery.py:8 — invalid syntax. Perhaps you forgot a comma?
✅ WISDOM HIT: Pattern already known — syntax_error
❌ SYNTAX ERROR: openroot/context_bridge/absorb_full_session.py:5 — invalid syntax
✅ WISDOM HIT: Pattern already known — syntax_error
❌ SYNTAX ERROR: openroot/context_bridge/absorb_now.py:5 — invalid syntax
✅ WISDOM HIT: Pattern already known — syntax_error
❌ SYNTAX ERROR: openroot/context_bridge/absorb_to_wisdom.py:5 — invalid syntax
✅ WISDOM HIT: Pattern already known — syntax_error
❌ SYNTAX ERROR: openroot/context_bridge/openroot_state.py:11 — invalid syntax. Perhaps you forgot a comma?
✅ WISDOM HIT: Pattern already known — syntax_error
❌ SYNTAX ERROR: openroot/lattice/meta_mesh_engine.py:17 — invalid syntax. Is this intended to be part of the string?
✅ WISDOM HIT: Pattern already known — syntax_error
❌ SYNTAX ERROR: openroot/ledger/cpu_joules.py:5 — invalid syntax
✅ WISDOM HIT: Pattern already known — syntax_error
❌ SYNTAX ERROR: openroot/ledger/merkle_joule_ledger.py:12 — invalid syntax. Perhaps you forgot a comma?
✅ WISDOM HIT: Pattern already known — syntax_error
❌ SYNTAX ERROR: openroot/ledger/state_and_viz.py:6 — invalid syntax
✅ WISDOM HIT: Pattern already known — syntax_error
❌ SYNTAX ERROR: openroot/ledger/thermo_ledger.py:4 — invalid syntax
✅ WISDOM HIT: Pattern already known — syntax_error
❌ SYNTAX ERROR: openroot/ledger/thermo_ledger_sqlite.py:5 — invalid syntax
✅ WISDOM HIT: Pattern already known — syntax_error
❌ SYNTAX ERROR: renaissance-protocol/src/log_temp.py:1 — invalid syntax
✅ WISDOM HIT: Pattern already known — syntax_error
❌ SYNTAX ERROR: une/absorb_batch.py:90 — invalid syntax. Is this intended to be part of the string?
✅ WISDOM HIT: Pattern already known — syntax_error
❌ SYNTAX ERROR: une/alchemy_transmute.py:115 — invalid syntax. Perhaps you forgot a comma?
✅ WISDOM HIT: Pattern already known — syntax_error
❌ SYNTAX ERROR: une/apply_all.py:77 — invalid syntax. Perhaps you forgot a comma?
✅ WISDOM HIT: Pattern already known — syntax_error
❌ SYNTAX ERROR: une/build_final.py:7 — invalid syntax. Perhaps you forgot a comma?
✅ WISDOM HIT: Pattern already known — syntax_error
❌ SYNTAX ERROR: une/bulk_migrate.py:6 — invalid syntax. Perhaps you forgot a comma?
✅ WISDOM HIT: Pattern already known — syntax_error
❌ SYNTAX ERROR: une/cleanup_final.py:6 — invalid syntax. Perhaps you forgot a comma?
✅ WISDOM HIT: Pattern already known — syntax_error
❌ SYNTAX ERROR: une/create_scripture_corpus.py:1039 — '{' was never closed
✅ WISDOM HIT: Pattern already known — syntax_error
❌ SYNTAX ERROR: une/evolution_engine.py:9 — invalid syntax. Is this intended to be part of the string?
✅ WISDOM HIT: Pattern already known — syntax_error
❌ SYNTAX ERROR: une/final_fix.py:6 — invalid syntax. Perhaps you forgot a comma?
✅ WISDOM HIT: Pattern already known — syntax_error
❌ SYNTAX ERROR: une/fix_all_issues.py:6 — invalid syntax. Perhaps you forgot a comma?
✅ WISDOM HIT: Pattern already known — syntax_error
❌ SYNTAX ERROR: une/fix_round2.py:6 — invalid syntax. Perhaps you forgot a comma?
✅ WISDOM HIT: Pattern already known — syntax_error
❌ SYNTAX ERROR: une/guardian.py:21 — invalid syntax. Is this intended to be part of the string?
✅ WISDOM HIT: Pattern already known — syntax_error
❌ SYNTAX ERROR: une/guardian_v4.py:12 — invalid syntax. Is this intended to be part of the string?
✅ WISDOM HIT: Pattern already known — syntax_error
❌ SYNTAX ERROR: une/kernel_init.py:10 — invalid syntax. Is this intended to be part of the string?
✅ WISDOM HIT: Pattern already known — syntax_error
❌ SYNTAX ERROR: une/last_fix.py:6 — invalid syntax. Perhaps you forgot a comma?
✅ WISDOM HIT: Pattern already known — syntax_error
❌ SYNTAX ERROR: une/note.py:6 — invalid syntax. Is this intended to be part of the string?
✅ WISDOM HIT: Pattern already known — syntax_error
❌ SYNTAX ERROR: une/repair_imports.py:6 — invalid syntax. Perhaps you forgot a comma?
✅ WISDOM HIT: Pattern already known — syntax_error
❌ SYNTAX ERROR: une/self_clone.py:10 — invalid syntax
✅ WISDOM HIT: Pattern already known — syntax_error
❌ SYNTAX ERROR: une/snapshot.py:15 — invalid syntax. Perhaps you forgot a comma?
✅ WISDOM HIT: Pattern already known — syntax_error
❌ SYNTAX ERROR: une/swarm_query.py:31 — invalid syntax
✅ WISDOM HIT: Pattern already known — syntax_error
❌ SYNTAX ERROR: une/ultimate_fix.py:6 — invalid syntax. Perhaps you forgot a comma?
✅ WISDOM HIT: Pattern already known — syntax_error
❌ SYNTAX ERROR: une/wire_core.py:13 — invalid syntax. Perhaps you forgot a comma?
✅ WISDOM HIT: Pattern already known — syntax_error
❌ SYNTAX ERROR: une/computational_flow/atomic_scan.py:17 — invalid syntax. Perhaps you forgot a comma?
✅ WISDOM HIT: Pattern already known — syntax_error
❌ SYNTAX ERROR: une/computational_flow/extract_seed.py:41 — invalid syntax. Perhaps you forgot a comma?
✅ WISDOM HIT: Pattern already known — syntax_error
❌ SYNTAX ERROR: une/computational_flow/fs_hook.py:14 — invalid syntax. Perhaps you forgot a comma?
✅ WISDOM HIT: Pattern already known — syntax_error
❌ SYNTAX ERROR: une/computational_flow/push_proof.py:17 — invalid syntax
✅ WISDOM HIT: Pattern already known — syntax_error
❌ SYNTAX ERROR: une/tools/stream_of_thought.py:14 — invalid syntax. Is this intended to be part of the string?
✅ WISDOM HIT: Pattern already known — syntax_error
❌ SYNTAX ERROR: wisdom-scaffold/computational_flow/fusion_core.py:58 — invalid syntax. Is this intended to be part of the string?
✅ WISDOM HIT: Pattern already known — syntax_error
❌ SYNTAX ERROR: wisdom-scaffold/computational_flow/fusion_sensor_wrapper.py:43 — invalid syntax. Perhaps you forgot a comma?
✅ WISDOM HIT: Pattern already known — syntax_error
🔍 SYNTAX: Found 60 syntax errors
🔍 SCANNER: Hardcoded path scan starting...
🔍 PATHS: Found 363 hardcoded path references
✅ WISDOM HIT: Pattern already known — hardcoded_path
✅ WISDOM HIT: Pattern already known — hardcoded_path
✅ WISDOM HIT: Pattern already known — hardcoded_path
✅ WISDOM HIT: Pattern already known — hardcoded_path
✅ WISDOM HIT: Pattern already known — hardcoded_path
🔍 SCANNER: Contributions bloat scan starting...
🔍 CONTRIBUTIONS: 7 files, 2 can be pruned
✅ WISDOM HIT: Pattern already known — contributions_bloat

── PHASE 2: DIAGNOSE ──
   Total problems found: 423
   Lessons learned: 0
   Known patterns blocked: 71

── PHASE 3: MUTATE ──
🔧 MUTATION: Deduplication fix starting...
  🔗 LINKED: aerocement/data/.gitkeep → une/une/__init__.py
  🔗 LINKED: OpenCell-Thermal-System/0_data/raw/raw_data.csv → une/une/__init__.py
  🔗 LINKED: OpenCell-Thermal-System/docs/specifications/permissions-audit.txt → une/une/__init__.py
  🔗 LINKED: openroot/relay/input.txt → une/une/__init__.py
  🔗 LINKED: openroot-spoke-template/bom/.gitkeep → une/une/__init__.py
  🔗 LINKED: openroot-spoke-template/cad/.gitkeep → une/une/__init__.py
  🔗 LINKED: openroot-spoke-template/docs/.gitkeep → une/une/__init__.py
  🔗 LINKED: openroot-spoke-template/src/.gitkeep → une/une/__init__.py
  🔗 LINKED: renaissance-protocol/docs/case_studies/README.md → une/une/__init__.py
  🔗 LINKED: renaissance-protocol/docs/engineering/README.md → une/une/__init__.py
  🔗 LINKED: renaissance-protocol/hardware/hho/README.md → une/une/__init__.py
  🔗 LINKED: renaissance-protocol/hardware/labyrinth/README.md → une/une/__init__.py
  🔗 LINKED: renaissance-protocol/hardware/panels/README.md → une/une/__init__.py
  🔗 LINKED: renaissance-protocol/hardware/stirling/README.md → une/une/__init__.py
  🔗 LINKED: renaissance-protocol/hardware/welder/HHO_Electrolysis_Module.md → une/une/__init__.py
  🔗 LINKED: renaissance-protocol/library/volumes/README.md → une/une/__init__.py
  🔗 LINKED: renaissance-protocol/src/README.md → une/une/__init__.py
  🔗 LINKED: wisdom-scaffold/--body → une/une/__init__.py
  🔗 LINKED: wisdom-scaffold/--label → une/une/__init__.py
  🔗 LINKED: wisdom-scaffold/--repo → une/une/__init__.py
  🔗 LINKED: wisdom-scaffold/--title → une/une/__init__.py
  🔗 LINKED: openroot/recovered_blueprints/une_h003_capture.sh → aerocement/observations/une_h003_capture.sh
  🔗 LINKED: openroot/computational_flow/tasks/task_h003.json → aerocement/swarm/tasks/task_h003.json
  🔗 LINKED: openroot/une_protocol/demo_final.py → aerocement/une-dev/demo_final.py
  🔗 LINKED: openroot/recovered_blueprints/une_server_old.py → aerocement/une-dev/une_server_old.py
  🔗 LINKED: aerocement/contributions/meta_upgrade_20260805_000209.py → aerocement/contributions/meta_upgrade_20260804_235501.py
  🔗 LINKED: aerocement/contributions/meta_upgrade_20260805_003528.py → aerocement/contributions/meta_upgrade_20260804_235501.py
  🔗 LINKED: aerocement/contributions/meta_upgrade_20260805_003724.py → aerocement/contributions/meta_upgrade_20260804_235501.py
  🔗 LINKED: aerocement/contributions/meta_upgrade_20260805_005431.py → aerocement/contributions/meta_upgrade_20260804_235501.py
  🔗 LINKED: aerocement-/.gitignore → agape-une/.gitignore
  🔗 LINKED: agape-coordination/.gitignore → agape-une/.gitignore
  🔗 LINKED: black-locust-rmh/.gitignore → agape-une/.gitignore
  🔗 LINKED: civilization2.0/.gitignore → agape-une/.gitignore
  🔗 LINKED: open-cell-thermal-open-cell-the/.gitignore → agape-une/.gitignore
  🔗 LINKED: OpenCell-Thermal-System/.gitignore → agape-une/.gitignore
  🔗 LINKED: wisdom-scaffold/.gitignore → agape-une/.gitignore
  🔗 LINKED: aerocement-/LICENSE → agape-une/LICENSE
  🔗 LINKED: AeroCement_Ecosystem/LICENSE → agape-une/LICENSE
  🔗 LINKED: agape-coordination/LICENSE → agape-une/LICENSE
  🔗 LINKED: black-locust-rmh/LICENSE → agape-une/LICENSE
  🔗 LINKED: civilization2.0/LICENSE → agape-une/LICENSE
  🔗 LINKED: jesseray718/LICENSE → agape-une/LICENSE
  🔗 LINKED: open-cell-thermal-open-cell-the/LICENSE → agape-une/LICENSE
  🔗 LINKED: aerocement-/contributions/meta_upgrade_20260805_000210.py → aerocement-/contributions/meta_upgrade_20260804_235502.py
  🔗 LINKED: aerocement-/contributions/meta_upgrade_20260805_003529.py → aerocement-/contributions/meta_upgrade_20260804_235502.py
  🔗 LINKED: aerocement-/contributions/meta_upgrade_20260805_003725.py → aerocement-/contributions/meta_upgrade_20260804_235502.py
  🔗 LINKED: aerocement-/contributions/meta_upgrade_20260805_005432.py → aerocement-/contributions/meta_upgrade_20260804_235502.py
  🔗 LINKED: AeroCement_Ecosystem/contributions/meta_upgrade_20260805_000206.py → AeroCement_Ecosystem/contributions/meta_upgrade_20260804_235457.py
  🔗 LINKED: AeroCement_Ecosystem/contributions/meta_upgrade_20260805_003525.py → AeroCement_Ecosystem/contributions/meta_upgrade_20260804_235457.py
  🔗 LINKED: AeroCement_Ecosystem/contributions/meta_upgrade_20260805_003721.py → AeroCement_Ecosystem/contributions/meta_upgrade_20260804_235457.py
  🔗 LINKED: AeroCement_Ecosystem/contributions/meta_upgrade_20260805_005428.py → AeroCement_Ecosystem/contributions/meta_upgrade_20260804_235457.py
  🔗 LINKED: agape-coordination/AGAPE_THESIS.md → une/AGAPE_THESIS.md
  🔗 LINKED: une/computational_flow/agape_stress_test.py → agape-coordination/agape_stress_test.py
  🔗 LINKED: une/computational_flow/cosmic_query_engine.py → agape-coordination/cosmic_query_engine.py
  🔗 LINKED: une/computational_flow/thermal_cascade_optimizer.py → agape-coordination/thermal_cascade_optimizer.py
  🔗 LINKED: agape-coordination/contributions/meta_upgrade_20260805_000211.py → agape-coordination/contributions/meta_upgrade_20260804_235503.py
  🔗 LINKED: agape-coordination/contributions/meta_upgrade_20260805_003530.py → agape-coordination/contributions/meta_upgrade_20260804_235503.py
  🔗 LINKED: agape-coordination/contributions/meta_upgrade_20260805_003726.py → agape-coordination/contributions/meta_upgrade_20260804_235503.py
  🔗 LINKED: agape-coordination/contributions/meta_upgrade_20260805_005433.py → agape-coordination/contributions/meta_upgrade_20260804_235503.py
  🔗 LINKED: agape-une/contributions/meta_upgrade_20260805_000212.py → agape-une/contributions/meta_upgrade_20260804_235504.py
  🔗 LINKED: agape-une/contributions/meta_upgrade_20260805_003531.py → agape-une/contributions/meta_upgrade_20260804_235504.py
  🔗 LINKED: agape-une/contributions/meta_upgrade_20260805_003727.py → agape-une/contributions/meta_upgrade_20260804_235504.py
  🔗 LINKED: agape-une/contributions/meta_upgrade_20260805_005434.py → agape-une/contributions/meta_upgrade_20260804_235504.py
  🔗 LINKED: black-locust-rmh/handbook_energy_DV.GEN.BL.RMH.001.md → black-locust-rmh/DV.GEN.BL.RMH.001.md
  🔗 LINKED: black-locust-rmh/handbook/energy/DV.GEN.BL.RMH.001.md → black-locust-rmh/DV.GEN.BL.RMH.001.md
  🔗 LINKED: black-locust-rmh/contributions/meta_upgrade_20260805_000214.py → black-locust-rmh/contributions/meta_upgrade_20260804_235506.py
  🔗 LINKED: black-locust-rmh/contributions/meta_upgrade_20260805_003533.py → black-locust-rmh/contributions/meta_upgrade_20260804_235506.py
  🔗 LINKED: black-locust-rmh/contributions/meta_upgrade_20260805_003729.py → black-locust-rmh/contributions/meta_upgrade_20260804_235506.py
  🔗 LINKED: black-locust-rmh/contributions/meta_upgrade_20260805_005436.py → black-locust-rmh/contributions/meta_upgrade_20260804_235506.py
  🔗 LINKED: civilization2.0/contributions/meta_upgrade_20260805_000215.py → civilization2.0/contributions/meta_upgrade_20260804_235507.py
  🔗 LINKED: civilization2.0/contributions/meta_upgrade_20260805_003534.py → civilization2.0/contributions/meta_upgrade_20260804_235507.py
  🔗 LINKED: civilization2.0/contributions/meta_upgrade_20260805_003730.py → civilization2.0/contributions/meta_upgrade_20260804_235507.py
  🔗 LINKED: civilization2.0/contributions/meta_upgrade_20260805_005437.py → civilization2.0/contributions/meta_upgrade_20260804_235507.py
  🔗 LINKED: jesseray718/contributions/meta_upgrade_20260805_000217.py → jesseray718/contributions/meta_upgrade_20260804_235508.py
  🔗 LINKED: jesseray718/contributions/meta_upgrade_20260805_003535.py → jesseray718/contributions/meta_upgrade_20260804_235508.py
  🔗 LINKED: jesseray718/contributions/meta_upgrade_20260805_003731.py → jesseray718/contributions/meta_upgrade_20260804_235508.py
  🔗 LINKED: jesseray718/contributions/meta_upgrade_20260805_005438.py → jesseray718/contributions/meta_upgrade_20260804_235508.py
  🔗 LINKED: open-cell-thermal-open-cell-the/contributions/meta_upgrade_20260805_000219.py → open-cell-thermal-open-cell-the/contributions/meta_upgrade_20260804_235510.py
  🔗 LINKED: open-cell-thermal-open-cell-the/contributions/meta_upgrade_20260805_003536.py → open-cell-thermal-open-cell-the/contributions/meta_upgrade_20260804_235510.py
  🔗 LINKED: open-cell-thermal-open-cell-the/contributions/meta_upgrade_20260805_003732.py → open-cell-thermal-open-cell-the/contributions/meta_upgrade_20260804_235510.py
  🔗 LINKED: open-cell-thermal-open-cell-the/contributions/meta_upgrade_20260805_005439.py → open-cell-thermal-open-cell-the/contributions/meta_upgrade_20260804_235510.py
  🔗 LINKED: OpenCell-Thermal-System/docs/manuscript/nifa-application.md → OpenCell-Thermal-System/nifa-application.md
  🔗 LINKED: OpenCell-Thermal-System/1_code/src/pdf-compile.py → OpenCell-Thermal-System/1_code/src/pdf-comp.py
  🔗 LINKED: renaissance-protocol/library/volumes/06_ENTROPY_LEARNING/entropy_learnjng.md → OpenCell-Thermal-System/docs/manuscript/File: 06_ENTROPY_LEARNING.md
  🔗 LINKED: OpenCell-Thermal-System/contributions/meta_upgrade_20260805_000208.py → OpenCell-Thermal-System/contributions/meta_upgrade_20260804_235459.py
  🔗 LINKED: OpenCell-Thermal-System/contributions/meta_upgrade_20260805_003526.py → OpenCell-Thermal-System/contributions/meta_upgrade_20260804_235459.py
  🔗 LINKED: OpenCell-Thermal-System/contributions/meta_upgrade_20260805_003722.py → OpenCell-Thermal-System/contributions/meta_upgrade_20260804_235459.py
  🔗 LINKED: OpenCell-Thermal-System/contributions/meta_upgrade_20260805_005429.py → OpenCell-Thermal-System/contributions/meta_upgrade_20260804_235459.py
  🔗 LINKED: openroot/.github/copilot-instructions.md → une/docs/copilot-instructions.md
  🔗 LINKED: openroot/docs/copilot-instructions.md → une/docs/copilot-instructions.md
  🔗 LINKED: openroot/computational_flow/queue/task_2_queue.json.aiq_output → openroot/computational_flow/queue/task_1_queue.json.aiq_output
  🔗 LINKED: openroot/computational_flow/queue/task_3_queue.json.aiq_output → openroot/computational_flow/queue/task_1_queue.json.aiq_output
  🔗 LINKED: openroot/computational_flow/queue/task_4_queue.json.aiq_output → openroot/computational_flow/queue/task_1_queue.json.aiq_output
  🔗 LINKED: openroot/context_bridge/foundation_map_20260726_183722.json → openroot/context_bridge/foundation_map.json
  🔗 LINKED: openroot/context_bridge/foundation_map_20260726_185316.json → openroot/context_bridge/foundation_map.json
  🔗 LINKED: openroot/dist/publication/state.md → openroot/docs/context/state.md
  🔗 LINKED: openroot/docs/public-validation/THERMAL-CASCADE-VETIFICATION.md → openroot/dist/zenodo-upload/THERMAL-CASCADE-VETIFICATION.md
  🔗 LINKED: openroot/recovered_blueprints/050_hive_bridge.json → openroot/dump/chunks/050_hive_bridge.json
  🔗 LINKED: openroot/swarm/audits/jesseray718_20260717_041221/metrics.csv → openroot/swarm/audits/jesseray718_20260717_040954/metrics.csv
  🔗 LINKED: openroot/swarm/audits/jesseray718_20260717_041414/metrics.csv → openroot/swarm/audits/jesseray718_20260717_040954/metrics.csv
  🔗 LINKED: openroot/swarm/audits/jesseray718_20260717_041625/metrics.csv → openroot/swarm/audits/jesseray718_20260717_040954/metrics.csv
  🔗 LINKED: openroot/swarm/audits/jesseray718_20260717_042458/metrics.csv → openroot/swarm/audits/jesseray718_20260717_040954/metrics.csv
  🔗 LINKED: openroot/swarm/audits/jesseray718_20260717_042849/metrics.csv → openroot/swarm/audits/jesseray718_20260717_040954/metrics.csv
  🔗 LINKED: openroot/swarm/audits/jesseray718_20260717_043146/metrics.csv → openroot/swarm/audits/jesseray718_20260717_040954/metrics.csv
  🔗 LINKED: openroot/contributions/meta_upgrade_20260805_000223.py → openroot/contributions/meta_upgrade_20260804_235515.py
  🔗 LINKED: openroot/contributions/meta_upgrade_20260805_003542.py → openroot/contributions/meta_upgrade_20260804_235515.py
  🔗 LINKED: openroot/contributions/meta_upgrade_20260805_003737.py → openroot/contributions/meta_upgrade_20260804_235515.py
  🔗 LINKED: openroot/contributions/meta_upgrade_20260805_005443.py → openroot/contributions/meta_upgrade_20260804_235515.py
  🔗 LINKED: openroot-spoke-template/contributions/meta_upgrade_20260805_000225.py → openroot-spoke-template/contributions/meta_upgrade_20260804_235517.py
  🔗 LINKED: openroot-spoke-template/contributions/meta_upgrade_20260805_003543.py → openroot-spoke-template/contributions/meta_upgrade_20260804_235517.py
  🔗 LINKED: openroot-spoke-template/contributions/meta_upgrade_20260805_003739.py → openroot-spoke-template/contributions/meta_upgrade_20260804_235517.py
  🔗 LINKED: openroot-spoke-template/contributions/meta_upgrade_20260805_005445.py → openroot-spoke-template/contributions/meta_upgrade_20260804_235517.py
  🔗 LINKED: renaissance-protocol/library/volumes/06_ENTROPY_LEARNING/scripts/kai_unknown → renaissance-protocol/library/volumes/06_ENTROPY_LEARNING/scripts/joy_log.py
  🔗 LINKED: renaissance-protocol/contributions/meta_upgrade_20260805_000227.py → renaissance-protocol/contributions/meta_upgrade_20260804_235519.py
  🔗 LINKED: renaissance-protocol/contributions/meta_upgrade_20260805_003545.py → renaissance-protocol/contributions/meta_upgrade_20260804_235519.py
  🔗 LINKED: renaissance-protocol/contributions/meta_upgrade_20260805_003740.py → renaissance-protocol/contributions/meta_upgrade_20260804_235519.py
  🔗 LINKED: renaissance-protocol/contributions/meta_upgrade_20260805_005447.py → renaissance-protocol/contributions/meta_upgrade_20260804_235519.py
  🔗 LINKED: skills-introduction-to-github/contributions/meta_upgrade_20260805_000227.py → skills-introduction-to-github/contributions/meta_upgrade_20260804_235520.py
  🔗 LINKED: skills-introduction-to-github/contributions/meta_upgrade_20260805_003545.py → skills-introduction-to-github/contributions/meta_upgrade_20260804_235520.py
  🔗 LINKED: skills-introduction-to-github/contributions/meta_upgrade_20260805_003741.py → skills-introduction-to-github/contributions/meta_upgrade_20260804_235520.py
  🔗 LINKED: skills-introduction-to-github/contributions/meta_upgrade_20260805_005448.py → skills-introduction-to-github/contributions/meta_upgrade_20260804_235520.py
  🔗 LINKED: wisdom-scaffold/computational_flow/drill_scheduler.sh → une/computational_flow/drill_scheduler.sh
  🔗 LINKED: une/contributions/meta_upgrade_20260805_000229.py → une/contributions/meta_upgrade_20260804_235522.py
  🔗 LINKED: une/contributions/meta_upgrade_20260805_003547.py → une/contributions/meta_upgrade_20260804_235522.py
  🔗 LINKED: une/contributions/meta_upgrade_20260805_003742.py → une/contributions/meta_upgrade_20260804_235522.py
  🔗 LINKED: une/contributions/meta_upgrade_20260805_005449.py → une/contributions/meta_upgrade_20260804_235522.py
  🔗 LINKED: wisdom-scaffold/contributions/meta_upgrade_20260805_000231.py → wisdom-scaffold/contributions/meta_upgrade_20260804_235525.py
  🔗 LINKED: wisdom-scaffold/contributions/meta_upgrade_20260805_003549.py → wisdom-scaffold/contributions/meta_upgrade_20260804_235525.py
  🔗 LINKED: wisdom-scaffold/contributions/meta_upgrade_20260805_003744.py → wisdom-scaffold/contributions/meta_upgrade_20260804_235525.py
  🔗 LINKED: wisdom-scaffold/contributions/meta_upgrade_20260805_005451.py → wisdom-scaffold/contributions/meta_upgrade_20260804_235525.py
🔧 DEDUP: Consolidated 130 files into symlinks
🔧 MUTATION: Syntax fix starting...
🔧 SYNTAX: Fixed 0/60 errors
🔧 MUTATION: Hardcoded path fix starting...
🔧 PATHS: Fixed 0/363 hardcoded paths
🔧 MUTATION: Pruning old contributions...
🔧 PRUNED: 2 old contribution files

── PHASE 4: EVOLVE ──
🧬 EVOLUTION: Generating self-improvement patch...
🧬 EVOLUTION: Patch /data/data/com.termux/files/home/une/contributions/auto_evolution_20260805_015223.py generated and verified

── PHASE 5: PRACTICE ──
🔁 PRACTICE: Testing previous evolution patches...
🔁 PRACTICE: 6 passed, 0 failed out of 6 tested

── PHASE 6: SNAPSHOT ──
📸 SNAPSHOT: Capturing post-cycle state...
📸 SNAPSHOT: Saved to /data/data/com.termux/files/home/une/autonomous_snapshot.json

════════════════════════════════════════════════════════════
🏆 CYCLE COMPLETE
   Files scanned: 1424
   Problems found: 423
   Problems fixed: 132
   Lessons learned: 0
   Wisdom patterns blocked: 71
   Evolution patches generated: 1
   Fix rate: 31.2%
════════════════════════════════════════════════════════════
📋 Report saved: /data/data/com.termux/files/home/une/autonomous_report.json
Wed Aug  5 01:52:26 CDT 2026: ── Cycle complete, sleeping 1800s ──
Wed Aug  5 01:53:08 CDT 2026: ── Starting cycle ──
/data/data/com.termux/files/home/une/meta_hub/aerocement/aerocement/beacon.py:43: SyntaxWarning: "\~" is an invalid escape sequence. Such sequences will not work in the future. Did you mean "\\~"? A raw string is also an option.
  "title": "H-003 radiative-capture headline overstated \~10x (likely decimal/units error)",
/data/data/com.termux/files/home/une/meta_hub/openroot/volumetric/aero-disc/scripts/porous_exchanger_design.py:208: SyntaxWarning: "\~" is an invalid escape sequence. Such sequences will not work in the future. Did you mean "\\~"? A raw string is also an option.
  print("  Rule: NTU past \~5 buys almost nothing but extra ΔP.")
════════════════════════════════════════════════════════════
🦁 AUTONOMOUS MESH ENGINE v1.0 — CYCLE START
   Base: /data/data/com.termux/files/home/une
   Meta Hub: /data/data/com.termux/files/home/une/meta_hub
   Wisdom: /data/data/com.termux/files/home/une/wisdom/error_patterns.json
════════════════════════════════════════════════════════════

── PHASE 1: OBSERVE ──
🔍 SCANNER: Deduplication scan starting...
🔍 DEDUP: Found 40 duplicate groups, 130 redundant files, ~4039KB reclaimable
✅ WISDOM HIT: Pattern already known — duplicate_file
✅ WISDOM HIT: Pattern already known — duplicate_file
✅ WISDOM HIT: Pattern already known — duplicate_file
✅ WISDOM HIT: Pattern already known — duplicate_file
✅ WISDOM HIT: Pattern already known — duplicate_file
🔍 SCANNER: Syntax scan starting...
❌ SYNTAX ERROR: aerocement/rmh.py:56 — invalid syntax. Perhaps you forgot a comma?
✅ WISDOM HIT: Pattern already known — syntax_error
❌ SYNTAX ERROR: aerocement/scripts/data_logger.py:2 — invalid syntax
✅ WISDOM HIT: Pattern already known — syntax_error
❌ SYNTAX ERROR: aerocement/scripts/data_logger_v03.py:16 — invalid syntax. Is this intended to be part of the string?
✅ WISDOM HIT: Pattern already known — syntax_error
❌ SYNTAX ERROR: aerocement/une-dev/test_une_fixed.py:19 — invalid syntax. Perhaps you forgot a comma?
✅ WISDOM HIT: Pattern already known — syntax_error
❌ SYNTAX ERROR: agape-coordination/agape_engine.py:57 — invalid syntax. Is this intended to be part of the string?
✅ WISDOM HIT: Pattern already known — syntax_error
❌ SYNTAX ERROR: agape-coordination/swarm_core_v3.py:41 — invalid syntax
✅ WISDOM HIT: Pattern already known — syntax_error
❌ SYNTAX ERROR: OpenCell-Thermal-System/1_code/src/pdf-comp.py:1 — invalid syntax
✅ WISDOM HIT: Pattern already known — syntax_error
❌ SYNTAX ERROR: OpenCell-Thermal-System/1_code/src/pdf-compile.py:1 — invalid syntax
✅ WISDOM HIT: Pattern already known — syntax_error
❌ SYNTAX ERROR: openroot/test_configs.py:6 — invalid syntax. Is this intended to be part of the string?
✅ WISDOM HIT: Pattern already known — syntax_error
❌ SYNTAX ERROR: openroot/bin/acre_mint_claim.py:13 — invalid syntax. Is this intended to be part of the string?
✅ WISDOM HIT: Pattern already known — syntax_error
❌ SYNTAX ERROR: openroot/bin/auto_sensor_capture.py:14 — invalid syntax. Is this intended to be part of the string?
✅ WISDOM HIT: Pattern already known — syntax_error
❌ SYNTAX ERROR: openroot/bin/embed_docs.py:7 — invalid syntax. Perhaps you forgot a comma?
✅ WISDOM HIT: Pattern already known — syntax_error
❌ SYNTAX ERROR: openroot/bin/h003_resonant_solver.py:348 — invalid decimal literal
✅ WISDOM HIT: Pattern already known — syntax_error
❌ SYNTAX ERROR: openroot/bin/instrument_ledger.py:15 — invalid syntax. Is this intended to be part of the string?
✅ WISDOM HIT: Pattern already known — syntax_error
❌ SYNTAX ERROR: openroot/bin/offline_rank.py:6 — invalid syntax. Perhaps you forgot a comma?
✅ WISDOM HIT: Pattern already known — syntax_error
❌ SYNTAX ERROR: openroot/bin/offline_writer.py:12 — invalid syntax. Perhaps you forgot a comma?
✅ WISDOM HIT: Pattern already known — syntax_error
❌ SYNTAX ERROR: openroot/bin/orphan_cleanup.py:16 — invalid syntax. Is this intended to be part of the string?
✅ WISDOM HIT: Pattern already known — syntax_error
❌ SYNTAX ERROR: openroot/bin/query_agent.py:12 — invalid syntax. Perhaps you forgot a comma?
✅ WISDOM HIT: Pattern already known — syntax_error
❌ SYNTAX ERROR: openroot/bin/thermal_v62_balanced.py:300 — invalid syntax. Perhaps you forgot a comma?
✅ WISDOM HIT: Pattern already known — syntax_error
❌ SYNTAX ERROR: openroot/bin/vecquery.py:8 — invalid syntax. Perhaps you forgot a comma?
✅ WISDOM HIT: Pattern already known — syntax_error
❌ SYNTAX ERROR: openroot/context_bridge/absorb_full_session.py:5 — invalid syntax
✅ WISDOM HIT: Pattern already known — syntax_error
❌ SYNTAX ERROR: openroot/context_bridge/absorb_now.py:5 — invalid syntax
✅ WISDOM HIT: Pattern already known — syntax_error
❌ SYNTAX ERROR: openroot/context_bridge/absorb_to_wisdom.py:5 — invalid syntax
✅ WISDOM HIT: Pattern already known — syntax_error
❌ SYNTAX ERROR: openroot/context_bridge/openroot_state.py:11 — invalid syntax. Perhaps you forgot a comma?
✅ WISDOM HIT: Pattern already known — syntax_error
❌ SYNTAX ERROR: openroot/lattice/meta_mesh_engine.py:17 — invalid syntax. Is this intended to be part of the string?
✅ WISDOM HIT: Pattern already known — syntax_error
❌ SYNTAX ERROR: openroot/ledger/cpu_joules.py:5 — invalid syntax
✅ WISDOM HIT: Pattern already known — syntax_error
❌ SYNTAX ERROR: openroot/ledger/merkle_joule_ledger.py:12 — invalid syntax. Perhaps you forgot a comma?
✅ WISDOM HIT: Pattern already known — syntax_error
❌ SYNTAX ERROR: openroot/ledger/state_and_viz.py:6 — invalid syntax
✅ WISDOM HIT: Pattern already known — syntax_error
❌ SYNTAX ERROR: openroot/ledger/thermo_ledger.py:4 — invalid syntax
✅ WISDOM HIT: Pattern already known — syntax_error
❌ SYNTAX ERROR: openroot/ledger/thermo_ledger_sqlite.py:5 — invalid syntax
✅ WISDOM HIT: Pattern already known — syntax_error
❌ SYNTAX ERROR: renaissance-protocol/src/log_temp.py:1 — invalid syntax
✅ WISDOM HIT: Pattern already known — syntax_error
❌ SYNTAX ERROR: une/absorb_batch.py:90 — invalid syntax. Is this intended to be part of the string?
✅ WISDOM HIT: Pattern already known — syntax_error
❌ SYNTAX ERROR: une/alchemy_transmute.py:115 — invalid syntax. Perhaps you forgot a comma?
✅ WISDOM HIT: Pattern already known — syntax_error
❌ SYNTAX ERROR: une/apply_all.py:77 — invalid syntax. Perhaps you forgot a comma?
✅ WISDOM HIT: Pattern already known — syntax_error
❌ SYNTAX ERROR: une/build_final.py:7 — invalid syntax. Perhaps you forgot a comma?
✅ WISDOM HIT: Pattern already known — syntax_error
❌ SYNTAX ERROR: une/bulk_migrate.py:6 — invalid syntax. Perhaps you forgot a comma?
✅ WISDOM HIT: Pattern already known — syntax_error
❌ SYNTAX ERROR: une/cleanup_final.py:6 — invalid syntax. Perhaps you forgot a comma?
✅ WISDOM HIT: Pattern already known — syntax_error
❌ SYNTAX ERROR: une/create_scripture_corpus.py:1039 — '{' was never closed
✅ WISDOM HIT: Pattern already known — syntax_error
❌ SYNTAX ERROR: une/evolution_engine.py:9 — invalid syntax. Is this intended to be part of the string?
✅ WISDOM HIT: Pattern already known — syntax_error
❌ SYNTAX ERROR: une/final_fix.py:6 — invalid syntax. Perhaps you forgot a comma?
✅ WISDOM HIT: Pattern already known — syntax_error
❌ SYNTAX ERROR: une/fix_all_issues.py:6 — invalid syntax. Perhaps you forgot a comma?
✅ WISDOM HIT: Pattern already known — syntax_error
❌ SYNTAX ERROR: une/fix_round2.py:6 — invalid syntax. Perhaps you forgot a comma?
✅ WISDOM HIT: Pattern already known — syntax_error
❌ SYNTAX ERROR: une/guardian.py:21 — invalid syntax. Is this intended to be part of the string?
✅ WISDOM HIT: Pattern already known — syntax_error
❌ SYNTAX ERROR: une/guardian_v4.py:12 — invalid syntax. Is this intended to be part of the string?
✅ WISDOM HIT: Pattern already known — syntax_error
❌ SYNTAX ERROR: une/kernel_init.py:10 — invalid syntax. Is this intended to be part of the string?
✅ WISDOM HIT: Pattern already known — syntax_error
❌ SYNTAX ERROR: une/last_fix.py:6 — invalid syntax. Perhaps you forgot a comma?
✅ WISDOM HIT: Pattern already known — syntax_error
❌ SYNTAX ERROR: une/note.py:6 — invalid syntax. Is this intended to be part of the string?
✅ WISDOM HIT: Pattern already known — syntax_error
❌ SYNTAX ERROR: une/repair_imports.py:6 — invalid syntax. Perhaps you forgot a comma?
✅ WISDOM HIT: Pattern already known — syntax_error
❌ SYNTAX ERROR: une/self_clone.py:10 — invalid syntax
✅ WISDOM HIT: Pattern already known — syntax_error
❌ SYNTAX ERROR: une/snapshot.py:15 — invalid syntax. Perhaps you forgot a comma?
✅ WISDOM HIT: Pattern already known — syntax_error
❌ SYNTAX ERROR: une/swarm_query.py:31 — invalid syntax
✅ WISDOM HIT: Pattern already known — syntax_error
❌ SYNTAX ERROR: une/ultimate_fix.py:6 — invalid syntax. Perhaps you forgot a comma?
✅ WISDOM HIT: Pattern already known — syntax_error
❌ SYNTAX ERROR: une/wire_core.py:13 — invalid syntax. Perhaps you forgot a comma?
✅ WISDOM HIT: Pattern already known — syntax_error
❌ SYNTAX ERROR: une/computational_flow/atomic_scan.py:17 — invalid syntax. Perhaps you forgot a comma?
✅ WISDOM HIT: Pattern already known — syntax_error
❌ SYNTAX ERROR: une/computational_flow/extract_seed.py:41 — invalid syntax. Perhaps you forgot a comma?
✅ WISDOM HIT: Pattern already known — syntax_error
❌ SYNTAX ERROR: une/computational_flow/fs_hook.py:14 — invalid syntax. Perhaps you forgot a comma?
✅ WISDOM HIT: Pattern already known — syntax_error
❌ SYNTAX ERROR: une/computational_flow/push_proof.py:17 — invalid syntax
✅ WISDOM HIT: Pattern already known — syntax_error
❌ SYNTAX ERROR: une/tools/stream_of_thought.py:14 — invalid syntax. Is this intended to be part of the string?
✅ WISDOM HIT: Pattern already known — syntax_error
❌ SYNTAX ERROR: wisdom-scaffold/computational_flow/fusion_core.py:58 — invalid syntax. Is this intended to be part of the string?
✅ WISDOM HIT: Pattern already known — syntax_error
❌ SYNTAX ERROR: wisdom-scaffold/computational_flow/fusion_sensor_wrapper.py:43 — invalid syntax. Perhaps you forgot a comma?
✅ WISDOM HIT: Pattern already known — syntax_error
🔍 SYNTAX: Found 60 syntax errors
🔍 SCANNER: Hardcoded path scan starting...
🔍 PATHS: Found 363 hardcoded path references
✅ WISDOM HIT: Pattern already known — hardcoded_path
✅ WISDOM HIT: Pattern already known — hardcoded_path
✅ WISDOM HIT: Pattern already known — hardcoded_path
✅ WISDOM HIT: Pattern already known — hardcoded_path
✅ WISDOM HIT: Pattern already known — hardcoded_path
🔍 SCANNER: Contributions bloat scan starting...
🔍 CONTRIBUTIONS: 6 files, 1 can be pruned
✅ WISDOM HIT: Pattern already known — contributions_bloat

── PHASE 2: DIAGNOSE ──
   Total problems found: 423
   Lessons learned: 0
   Known patterns blocked: 71

── PHASE 3: MUTATE ──
🔧 MUTATION: Deduplication fix starting...
  🔗 LINKED: aerocement/data/.gitkeep → une/une/__init__.py
  🔗 LINKED: OpenCell-Thermal-System/0_data/raw/raw_data.csv → une/une/__init__.py
  🔗 LINKED: OpenCell-Thermal-System/docs/specifications/permissions-audit.txt → une/une/__init__.py
  🔗 LINKED: openroot/relay/input.txt → une/une/__init__.py
  🔗 LINKED: openroot-spoke-template/bom/.gitkeep → une/une/__init__.py
  🔗 LINKED: openroot-spoke-template/cad/.gitkeep → une/une/__init__.py
  🔗 LINKED: openroot-spoke-template/docs/.gitkeep → une/une/__init__.py
  🔗 LINKED: openroot-spoke-template/src/.gitkeep → une/une/__init__.py
  🔗 LINKED: renaissance-protocol/docs/case_studies/README.md → une/une/__init__.py
  🔗 LINKED: renaissance-protocol/docs/engineering/README.md → une/une/__init__.py
  🔗 LINKED: renaissance-protocol/hardware/hho/README.md → une/une/__init__.py
  🔗 LINKED: renaissance-protocol/hardware/labyrinth/README.md → une/une/__init__.py
  🔗 LINKED: renaissance-protocol/hardware/panels/README.md → une/une/__init__.py
  🔗 LINKED: renaissance-protocol/hardware/stirling/README.md → une/une/__init__.py
  🔗 LINKED: renaissance-protocol/hardware/welder/HHO_Electrolysis_Module.md → une/une/__init__.py
  🔗 LINKED: renaissance-protocol/library/volumes/README.md → une/une/__init__.py
  🔗 LINKED: renaissance-protocol/src/README.md → une/une/__init__.py
  🔗 LINKED: wisdom-scaffold/--body → une/une/__init__.py
  🔗 LINKED: wisdom-scaffold/--label → une/une/__init__.py
  🔗 LINKED: wisdom-scaffold/--repo → une/une/__init__.py
  🔗 LINKED: wisdom-scaffold/--title → une/une/__init__.py
  🔗 LINKED: openroot/recovered_blueprints/une_h003_capture.sh → aerocement/observations/une_h003_capture.sh
  🔗 LINKED: openroot/computational_flow/tasks/task_h003.json → aerocement/swarm/tasks/task_h003.json
  🔗 LINKED: openroot/une_protocol/demo_final.py → aerocement/une-dev/demo_final.py
  🔗 LINKED: openroot/recovered_blueprints/une_server_old.py → aerocement/une-dev/une_server_old.py
  🔗 LINKED: aerocement/contributions/meta_upgrade_20260805_000209.py → aerocement/contributions/meta_upgrade_20260804_235501.py
  🔗 LINKED: aerocement/contributions/meta_upgrade_20260805_003528.py → aerocement/contributions/meta_upgrade_20260804_235501.py
  🔗 LINKED: aerocement/contributions/meta_upgrade_20260805_003724.py → aerocement/contributions/meta_upgrade_20260804_235501.py
  🔗 LINKED: aerocement/contributions/meta_upgrade_20260805_005431.py → aerocement/contributions/meta_upgrade_20260804_235501.py
  🔗 LINKED: aerocement-/.gitignore → agape-une/.gitignore
  🔗 LINKED: agape-coordination/.gitignore → agape-une/.gitignore
  🔗 LINKED: black-locust-rmh/.gitignore → agape-une/.gitignore
  🔗 LINKED: civilization2.0/.gitignore → agape-une/.gitignore
  🔗 LINKED: open-cell-thermal-open-cell-the/.gitignore → agape-une/.gitignore
  🔗 LINKED: OpenCell-Thermal-System/.gitignore → agape-une/.gitignore
  🔗 LINKED: wisdom-scaffold/.gitignore → agape-une/.gitignore
  🔗 LINKED: aerocement-/LICENSE → agape-une/LICENSE
  🔗 LINKED: AeroCement_Ecosystem/LICENSE → agape-une/LICENSE
  🔗 LINKED: agape-coordination/LICENSE → agape-une/LICENSE
  🔗 LINKED: black-locust-rmh/LICENSE → agape-une/LICENSE
  🔗 LINKED: civilization2.0/LICENSE → agape-une/LICENSE
  🔗 LINKED: jesseray718/LICENSE → agape-une/LICENSE
  🔗 LINKED: open-cell-thermal-open-cell-the/LICENSE → agape-une/LICENSE
  🔗 LINKED: aerocement-/contributions/meta_upgrade_20260805_000210.py → aerocement-/contributions/meta_upgrade_20260804_235502.py
  🔗 LINKED: aerocement-/contributions/meta_upgrade_20260805_003529.py → aerocement-/contributions/meta_upgrade_20260804_235502.py
  🔗 LINKED: aerocement-/contributions/meta_upgrade_20260805_003725.py → aerocement-/contributions/meta_upgrade_20260804_235502.py
  🔗 LINKED: aerocement-/contributions/meta_upgrade_20260805_005432.py → aerocement-/contributions/meta_upgrade_20260804_235502.py
  🔗 LINKED: AeroCement_Ecosystem/contributions/meta_upgrade_20260805_000206.py → AeroCement_Ecosystem/contributions/meta_upgrade_20260804_235457.py
  🔗 LINKED: AeroCement_Ecosystem/contributions/meta_upgrade_20260805_003525.py → AeroCement_Ecosystem/contributions/meta_upgrade_20260804_235457.py
  🔗 LINKED: AeroCement_Ecosystem/contributions/meta_upgrade_20260805_003721.py → AeroCement_Ecosystem/contributions/meta_upgrade_20260804_235457.py
  🔗 LINKED: AeroCement_Ecosystem/contributions/meta_upgrade_20260805_005428.py → AeroCement_Ecosystem/contributions/meta_upgrade_20260804_235457.py
  🔗 LINKED: agape-coordination/AGAPE_THESIS.md → une/AGAPE_THESIS.md
  🔗 LINKED: une/computational_flow/agape_stress_test.py → agape-coordination/agape_stress_test.py
  🔗 LINKED: une/computational_flow/cosmic_query_engine.py → agape-coordination/cosmic_query_engine.py
  🔗 LINKED: une/computational_flow/thermal_cascade_optimizer.py → agape-coordination/thermal_cascade_optimizer.py
  🔗 LINKED: agape-coordination/contributions/meta_upgrade_20260805_000211.py → agape-coordination/contributions/meta_upgrade_20260804_235503.py
  🔗 LINKED: agape-coordination/contributions/meta_upgrade_20260805_003530.py → agape-coordination/contributions/meta_upgrade_20260804_235503.py
  🔗 LINKED: agape-coordination/contributions/meta_upgrade_20260805_003726.py → agape-coordination/contributions/meta_upgrade_20260804_235503.py
  🔗 LINKED: agape-coordination/contributions/meta_upgrade_20260805_005433.py → agape-coordination/contributions/meta_upgrade_20260804_235503.py
  🔗 LINKED: agape-une/contributions/meta_upgrade_20260805_000212.py → agape-une/contributions/meta_upgrade_20260804_235504.py
  🔗 LINKED: agape-une/contributions/meta_upgrade_20260805_003531.py → agape-une/contributions/meta_upgrade_20260804_235504.py
  🔗 LINKED: agape-une/contributions/meta_upgrade_20260805_003727.py → agape-une/contributions/meta_upgrade_20260804_235504.py
  🔗 LINKED: agape-une/contributions/meta_upgrade_20260805_005434.py → agape-une/contributions/meta_upgrade_20260804_235504.py
  🔗 LINKED: black-locust-rmh/handbook_energy_DV.GEN.BL.RMH.001.md → black-locust-rmh/DV.GEN.BL.RMH.001.md
  🔗 LINKED: black-locust-rmh/handbook/energy/DV.GEN.BL.RMH.001.md → black-locust-rmh/DV.GEN.BL.RMH.001.md
  🔗 LINKED: black-locust-rmh/contributions/meta_upgrade_20260805_000214.py → black-locust-rmh/contributions/meta_upgrade_20260804_235506.py
  🔗 LINKED: black-locust-rmh/contributions/meta_upgrade_20260805_003533.py → black-locust-rmh/contributions/meta_upgrade_20260804_235506.py
  🔗 LINKED: black-locust-rmh/contributions/meta_upgrade_20260805_003729.py → black-locust-rmh/contributions/meta_upgrade_20260804_235506.py
  🔗 LINKED: black-locust-rmh/contributions/meta_upgrade_20260805_005436.py → black-locust-rmh/contributions/meta_upgrade_20260804_235506.py
  🔗 LINKED: civilization2.0/contributions/meta_upgrade_20260805_000215.py → civilization2.0/contributions/meta_upgrade_20260804_235507.py
  🔗 LINKED: civilization2.0/contributions/meta_upgrade_20260805_003534.py → civilization2.0/contributions/meta_upgrade_20260804_235507.py
  🔗 LINKED: civilization2.0/contributions/meta_upgrade_20260805_003730.py → civilization2.0/contributions/meta_upgrade_20260804_235507.py
  🔗 LINKED: civilization2.0/contributions/meta_upgrade_20260805_005437.py → civilization2.0/contributions/meta_upgrade_20260804_235507.py
  🔗 LINKED: jesseray718/contributions/meta_upgrade_20260805_000217.py → jesseray718/contributions/meta_upgrade_20260804_235508.py
  🔗 LINKED: jesseray718/contributions/meta_upgrade_20260805_003535.py → jesseray718/contributions/meta_upgrade_20260804_235508.py
  🔗 LINKED: jesseray718/contributions/meta_upgrade_20260805_003731.py → jesseray718/contributions/meta_upgrade_20260804_235508.py
  🔗 LINKED: jesseray718/contributions/meta_upgrade_20260805_005438.py → jesseray718/contributions/meta_upgrade_20260804_235508.py
  🔗 LINKED: open-cell-thermal-open-cell-the/contributions/meta_upgrade_20260805_000219.py → open-cell-thermal-open-cell-the/contributions/meta_upgrade_20260804_235510.py
  🔗 LINKED: open-cell-thermal-open-cell-the/contributions/meta_upgrade_20260805_003536.py → open-cell-thermal-open-cell-the/contributions/meta_upgrade_20260804_235510.py
  🔗 LINKED: open-cell-thermal-open-cell-the/contributions/meta_upgrade_20260805_003732.py → open-cell-thermal-open-cell-the/contributions/meta_upgrade_20260804_235510.py
  🔗 LINKED: open-cell-thermal-open-cell-the/contributions/meta_upgrade_20260805_005439.py → open-cell-thermal-open-cell-the/contributions/meta_upgrade_20260804_235510.py
  🔗 LINKED: OpenCell-Thermal-System/docs/manuscript/nifa-application.md → OpenCell-Thermal-System/nifa-application.md
  🔗 LINKED: OpenCell-Thermal-System/1_code/src/pdf-compile.py → OpenCell-Thermal-System/1_code/src/pdf-comp.py
  🔗 LINKED: renaissance-protocol/library/volumes/06_ENTROPY_LEARNING/entropy_learnjng.md → OpenCell-Thermal-System/docs/manuscript/File: 06_ENTROPY_LEARNING.md
  🔗 LINKED: OpenCell-Thermal-System/contributions/meta_upgrade_20260805_000208.py → OpenCell-Thermal-System/contributions/meta_upgrade_20260804_235459.py
  🔗 LINKED: OpenCell-Thermal-System/contributions/meta_upgrade_20260805_003526.py → OpenCell-Thermal-System/contributions/meta_upgrade_20260804_235459.py
  🔗 LINKED: OpenCell-Thermal-System/contributions/meta_upgrade_20260805_003722.py → OpenCell-Thermal-System/contributions/meta_upgrade_20260804_235459.py
  🔗 LINKED: OpenCell-Thermal-System/contributions/meta_upgrade_20260805_005429.py → OpenCell-Thermal-System/contributions/meta_upgrade_20260804_235459.py
  🔗 LINKED: openroot/.github/copilot-instructions.md → une/docs/copilot-instructions.md
  🔗 LINKED: openroot/docs/copilot-instructions.md → une/docs/copilot-instructions.md
  🔗 LINKED: openroot/computational_flow/queue/task_2_queue.json.aiq_output → openroot/computational_flow/queue/task_1_queue.json.aiq_output
  🔗 LINKED: openroot/computational_flow/queue/task_3_queue.json.aiq_output → openroot/computational_flow/queue/task_1_queue.json.aiq_output
  🔗 LINKED: openroot/computational_flow/queue/task_4_queue.json.aiq_output → openroot/computational_flow/queue/task_1_queue.json.aiq_output
  🔗 LINKED: openroot/context_bridge/foundation_map_20260726_183722.json → openroot/context_bridge/foundation_map.json
  🔗 LINKED: openroot/context_bridge/foundation_map_20260726_185316.json → openroot/context_bridge/foundation_map.json
  🔗 LINKED: openroot/dist/publication/state.md → openroot/docs/context/state.md
  🔗 LINKED: openroot/docs/public-validation/THERMAL-CASCADE-VETIFICATION.md → openroot/dist/zenodo-upload/THERMAL-CASCADE-VETIFICATION.md
  🔗 LINKED: openroot/recovered_blueprints/050_hive_bridge.json → openroot/dump/chunks/050_hive_bridge.json
  🔗 LINKED: openroot/swarm/audits/jesseray718_20260717_041221/metrics.csv → openroot/swarm/audits/jesseray718_20260717_040954/metrics.csv
  🔗 LINKED: openroot/swarm/audits/jesseray718_20260717_041414/metrics.csv → openroot/swarm/audits/jesseray718_20260717_040954/metrics.csv
  🔗 LINKED: openroot/swarm/audits/jesseray718_20260717_041625/metrics.csv → openroot/swarm/audits/jesseray718_20260717_040954/metrics.csv
  🔗 LINKED: openroot/swarm/audits/jesseray718_20260717_042458/metrics.csv → openroot/swarm/audits/jesseray718_20260717_040954/metrics.csv
  🔗 LINKED: openroot/swarm/audits/jesseray718_20260717_042849/metrics.csv → openroot/swarm/audits/jesseray718_20260717_040954/metrics.csv
  🔗 LINKED: openroot/swarm/audits/jesseray718_20260717_043146/metrics.csv → openroot/swarm/audits/jesseray718_20260717_040954/metrics.csv
  🔗 LINKED: openroot/contributions/meta_upgrade_20260805_000223.py → openroot/contributions/meta_upgrade_20260804_235515.py
  🔗 LINKED: openroot/contributions/meta_upgrade_20260805_003542.py → openroot/contributions/meta_upgrade_20260804_235515.py
  🔗 LINKED: openroot/contributions/meta_upgrade_20260805_003737.py → openroot/contributions/meta_upgrade_20260804_235515.py
  🔗 LINKED: openroot/contributions/meta_upgrade_20260805_005443.py → openroot/contributions/meta_upgrade_20260804_235515.py
  🔗 LINKED: openroot-spoke-template/contributions/meta_upgrade_20260805_000225.py → openroot-spoke-template/contributions/meta_upgrade_20260804_235517.py
  🔗 LINKED: openroot-spoke-template/contributions/meta_upgrade_20260805_003543.py → openroot-spoke-template/contributions/meta_upgrade_20260804_235517.py
  🔗 LINKED: openroot-spoke-template/contributions/meta_upgrade_20260805_003739.py → openroot-spoke-template/contributions/meta_upgrade_20260804_235517.py
  🔗 LINKED: openroot-spoke-template/contributions/meta_upgrade_20260805_005445.py → openroot-spoke-template/contributions/meta_upgrade_20260804_235517.py
  🔗 LINKED: renaissance-protocol/library/volumes/06_ENTROPY_LEARNING/scripts/kai_unknown → renaissance-protocol/library/volumes/06_ENTROPY_LEARNING/scripts/joy_log.py
  🔗 LINKED: renaissance-protocol/contributions/meta_upgrade_20260805_000227.py → renaissance-protocol/contributions/meta_upgrade_20260804_235519.py
  🔗 LINKED: renaissance-protocol/contributions/meta_upgrade_20260805_003545.py → renaissance-protocol/contributions/meta_upgrade_20260804_235519.py
  🔗 LINKED: renaissance-protocol/contributions/meta_upgrade_20260805_003740.py → renaissance-protocol/contributions/meta_upgrade_20260804_235519.py
  🔗 LINKED: renaissance-protocol/contributions/meta_upgrade_20260805_005447.py → renaissance-protocol/contributions/meta_upgrade_20260804_235519.py
  🔗 LINKED: skills-introduction-to-github/contributions/meta_upgrade_20260805_000227.py → skills-introduction-to-github/contributions/meta_upgrade_20260804_235520.py
  🔗 LINKED: skills-introduction-to-github/contributions/meta_upgrade_20260805_003545.py → skills-introduction-to-github/contributions/meta_upgrade_20260804_235520.py
  🔗 LINKED: skills-introduction-to-github/contributions/meta_upgrade_20260805_003741.py → skills-introduction-to-github/contributions/meta_upgrade_20260804_235520.py
  🔗 LINKED: skills-introduction-to-github/contributions/meta_upgrade_20260805_005448.py → skills-introduction-to-github/contributions/meta_upgrade_20260804_235520.py
  🔗 LINKED: wisdom-scaffold/computational_flow/drill_scheduler.sh → une/computational_flow/drill_scheduler.sh
  🔗 LINKED: une/contributions/meta_upgrade_20260805_000229.py → une/contributions/meta_upgrade_20260804_235522.py
  🔗 LINKED: une/contributions/meta_upgrade_20260805_003547.py → une/contributions/meta_upgrade_20260804_235522.py
  🔗 LINKED: une/contributions/meta_upgrade_20260805_003742.py → une/contributions/meta_upgrade_20260804_235522.py
  🔗 LINKED: une/contributions/meta_upgrade_20260805_005449.py → une/contributions/meta_upgrade_20260804_235522.py
  🔗 LINKED: wisdom-scaffold/contributions/meta_upgrade_20260805_000231.py → wisdom-scaffold/contributions/meta_upgrade_20260804_235525.py
  🔗 LINKED: wisdom-scaffold/contributions/meta_upgrade_20260805_003549.py → wisdom-scaffold/contributions/meta_upgrade_20260804_235525.py
  🔗 LINKED: wisdom-scaffold/contributions/meta_upgrade_20260805_003744.py → wisdom-scaffold/contributions/meta_upgrade_20260804_235525.py
  🔗 LINKED: wisdom-scaffold/contributions/meta_upgrade_20260805_005451.py → wisdom-scaffold/contributions/meta_upgrade_20260804_235525.py
🔧 DEDUP: Consolidated 130 files into symlinks
🔧 MUTATION: Syntax fix starting...
🔧 SYNTAX: Fixed 0/60 errors
🔧 MUTATION: Hardcoded path fix starting...
🔧 PATHS: Fixed 0/363 hardcoded paths
🔧 MUTATION: Pruning old contributions...
🔧 PRUNED: 1 old contribution files

── PHASE 4: EVOLVE ──
🧬 EVOLUTION: Generating self-improvement patch...
🧬 EVOLUTION: Patch /data/data/com.termux/files/home/une/contributions/auto_evolution_20260805_015311.py generated and verified

── PHASE 5: PRACTICE ──
🔁 PRACTICE: Testing previous evolution patches...
🔁 PRACTICE: 6 passed, 0 failed out of 6 tested

── PHASE 6: SNAPSHOT ──
📸 SNAPSHOT: Capturing post-cycle state...
📸 SNAPSHOT: Saved to /data/data/com.termux/files/home/une/autonomous_snapshot.json

════════════════════════════════════════════════════════════
🏆 CYCLE COMPLETE
   Files scanned: 1424
   Problems found: 423
   Problems fixed: 131
   Lessons learned: 0
   Wisdom patterns blocked: 71
   Evolution patches generated: 1
   Fix rate: 31.0%
════════════════════════════════════════════════════════════
📋 Report saved: /data/data/com.termux/files/home/une/autonomous_report.json
Wed Aug  5 01:53:13 CDT 2026: ── Cycle complete, sleeping 1800s ──
Wed Aug  5 02:22:26 CDT 2026: ── Starting cycle ──
/data/data/com.termux/files/home/une/meta_hub/aerocement/aerocement/beacon.py:43: SyntaxWarning: "\~" is an invalid escape sequence. Such sequences will not work in the future. Did you mean "\\~"? A raw string is also an option.
  "title": "H-003 radiative-capture headline overstated \~10x (likely decimal/units error)",
/data/data/com.termux/files/home/une/meta_hub/openroot/volumetric/aero-disc/scripts/porous_exchanger_design.py:208: SyntaxWarning: "\~" is an invalid escape sequence. Such sequences will not work in the future. Did you mean "\\~"? A raw string is also an option.
  print("  Rule: NTU past \~5 buys almost nothing but extra ΔP.")
════════════════════════════════════════════════════════════
🦁 AUTONOMOUS MESH ENGINE v1.0 — CYCLE START
   Base: /data/data/com.termux/files/home/une
   Meta Hub: /data/data/com.termux/files/home/une/meta_hub
   Wisdom: /data/data/com.termux/files/home/une/wisdom/error_patterns.json
════════════════════════════════════════════════════════════

── PHASE 1: OBSERVE ──
🔍 SCANNER: Deduplication scan starting...
🔍 DEDUP: Found 40 duplicate groups, 146 redundant files, ~4040KB reclaimable
✅ WISDOM HIT: Pattern already known — duplicate_file
✅ WISDOM HIT: Pattern already known — duplicate_file
✅ WISDOM HIT: Pattern already known — duplicate_file
✅ WISDOM HIT: Pattern already known — duplicate_file
✅ WISDOM HIT: Pattern already known — duplicate_file
🔍 SCANNER: Syntax scan starting...
❌ SYNTAX ERROR: aerocement/rmh.py:56 — invalid syntax. Perhaps you forgot a comma?
✅ WISDOM HIT: Pattern already known — syntax_error
❌ SYNTAX ERROR: aerocement/scripts/data_logger.py:2 — invalid syntax
✅ WISDOM HIT: Pattern already known — syntax_error
❌ SYNTAX ERROR: aerocement/scripts/data_logger_v03.py:16 — invalid syntax. Is this intended to be part of the string?
✅ WISDOM HIT: Pattern already known — syntax_error
❌ SYNTAX ERROR: aerocement/une-dev/test_une_fixed.py:19 — invalid syntax. Perhaps you forgot a comma?
✅ WISDOM HIT: Pattern already known — syntax_error
❌ SYNTAX ERROR: agape-coordination/agape_engine.py:57 — invalid syntax. Is this intended to be part of the string?
✅ WISDOM HIT: Pattern already known — syntax_error
❌ SYNTAX ERROR: agape-coordination/swarm_core_v3.py:41 — invalid syntax
✅ WISDOM HIT: Pattern already known — syntax_error
❌ SYNTAX ERROR: OpenCell-Thermal-System/1_code/src/pdf-comp.py:1 — invalid syntax
✅ WISDOM HIT: Pattern already known — syntax_error
❌ SYNTAX ERROR: OpenCell-Thermal-System/1_code/src/pdf-compile.py:1 — invalid syntax
✅ WISDOM HIT: Pattern already known — syntax_error
❌ SYNTAX ERROR: openroot/test_configs.py:6 — invalid syntax. Is this intended to be part of the string?
✅ WISDOM HIT: Pattern already known — syntax_error
❌ SYNTAX ERROR: openroot/bin/acre_mint_claim.py:13 — invalid syntax. Is this intended to be part of the string?
✅ WISDOM HIT: Pattern already known — syntax_error
❌ SYNTAX ERROR: openroot/bin/auto_sensor_capture.py:14 — invalid syntax. Is this intended to be part of the string?
✅ WISDOM HIT: Pattern already known — syntax_error
❌ SYNTAX ERROR: openroot/bin/embed_docs.py:7 — invalid syntax. Perhaps you forgot a comma?
✅ WISDOM HIT: Pattern already known — syntax_error
❌ SYNTAX ERROR: openroot/bin/h003_resonant_solver.py:348 — invalid decimal literal
✅ WISDOM HIT: Pattern already known — syntax_error
❌ SYNTAX ERROR: openroot/bin/instrument_ledger.py:15 — invalid syntax. Is this intended to be part of the string?
✅ WISDOM HIT: Pattern already known — syntax_error
❌ SYNTAX ERROR: openroot/bin/offline_rank.py:6 — invalid syntax. Perhaps you forgot a comma?
✅ WISDOM HIT: Pattern already known — syntax_error
❌ SYNTAX ERROR: openroot/bin/offline_writer.py:12 — invalid syntax. Perhaps you forgot a comma?
✅ WISDOM HIT: Pattern already known — syntax_error
❌ SYNTAX ERROR: openroot/bin/orphan_cleanup.py:16 — invalid syntax. Is this intended to be part of the string?
✅ WISDOM HIT: Pattern already known — syntax_error
❌ SYNTAX ERROR: openroot/bin/query_agent.py:12 — invalid syntax. Perhaps you forgot a comma?
✅ WISDOM HIT: Pattern already known — syntax_error
❌ SYNTAX ERROR: openroot/bin/thermal_v62_balanced.py:300 — invalid syntax. Perhaps you forgot a comma?
✅ WISDOM HIT: Pattern already known — syntax_error
❌ SYNTAX ERROR: openroot/bin/vecquery.py:8 — invalid syntax. Perhaps you forgot a comma?
✅ WISDOM HIT: Pattern already known — syntax_error
❌ SYNTAX ERROR: openroot/context_bridge/absorb_full_session.py:5 — invalid syntax
✅ WISDOM HIT: Pattern already known — syntax_error
❌ SYNTAX ERROR: openroot/context_bridge/absorb_now.py:5 — invalid syntax
✅ WISDOM HIT: Pattern already known — syntax_error
❌ SYNTAX ERROR: openroot/context_bridge/absorb_to_wisdom.py:5 — invalid syntax
✅ WISDOM HIT: Pattern already known — syntax_error
❌ SYNTAX ERROR: openroot/context_bridge/openroot_state.py:11 — invalid syntax. Perhaps you forgot a comma?
✅ WISDOM HIT: Pattern already known — syntax_error
❌ SYNTAX ERROR: openroot/lattice/meta_mesh_engine.py:17 — invalid syntax. Is this intended to be part of the string?
✅ WISDOM HIT: Pattern already known — syntax_error
❌ SYNTAX ERROR: openroot/ledger/cpu_joules.py:5 — invalid syntax
✅ WISDOM HIT: Pattern already known — syntax_error
❌ SYNTAX ERROR: openroot/ledger/merkle_joule_ledger.py:12 — invalid syntax. Perhaps you forgot a comma?
✅ WISDOM HIT: Pattern already known — syntax_error
❌ SYNTAX ERROR: openroot/ledger/state_and_viz.py:6 — invalid syntax
✅ WISDOM HIT: Pattern already known — syntax_error
❌ SYNTAX ERROR: openroot/ledger/thermo_ledger.py:4 — invalid syntax
✅ WISDOM HIT: Pattern already known — syntax_error
❌ SYNTAX ERROR: openroot/ledger/thermo_ledger_sqlite.py:5 — invalid syntax
✅ WISDOM HIT: Pattern already known — syntax_error
❌ SYNTAX ERROR: renaissance-protocol/src/log_temp.py:1 — invalid syntax
✅ WISDOM HIT: Pattern already known — syntax_error
❌ SYNTAX ERROR: une/absorb_batch.py:90 — invalid syntax. Is this intended to be part of the string?
✅ WISDOM HIT: Pattern already known — syntax_error
❌ SYNTAX ERROR: une/alchemy_transmute.py:115 — invalid syntax. Perhaps you forgot a comma?
✅ WISDOM HIT: Pattern already known — syntax_error
❌ SYNTAX ERROR: une/apply_all.py:77 — invalid syntax. Perhaps you forgot a comma?
✅ WISDOM HIT: Pattern already known — syntax_error
❌ SYNTAX ERROR: une/build_final.py:7 — invalid syntax. Perhaps you forgot a comma?
✅ WISDOM HIT: Pattern already known — syntax_error
❌ SYNTAX ERROR: une/bulk_migrate.py:6 — invalid syntax. Perhaps you forgot a comma?
✅ WISDOM HIT: Pattern already known — syntax_error
❌ SYNTAX ERROR: une/cleanup_final.py:6 — invalid syntax. Perhaps you forgot a comma?
✅ WISDOM HIT: Pattern already known — syntax_error
❌ SYNTAX ERROR: une/create_scripture_corpus.py:1039 — '{' was never closed
✅ WISDOM HIT: Pattern already known — syntax_error
❌ SYNTAX ERROR: une/evolution_engine.py:9 — invalid syntax. Is this intended to be part of the string?
✅ WISDOM HIT: Pattern already known — syntax_error
❌ SYNTAX ERROR: une/final_fix.py:6 — invalid syntax. Perhaps you forgot a comma?
✅ WISDOM HIT: Pattern already known — syntax_error
❌ SYNTAX ERROR: une/fix_all_issues.py:6 — invalid syntax. Perhaps you forgot a comma?
✅ WISDOM HIT: Pattern already known — syntax_error
❌ SYNTAX ERROR: une/fix_round2.py:6 — invalid syntax. Perhaps you forgot a comma?
✅ WISDOM HIT: Pattern already known — syntax_error
❌ SYNTAX ERROR: une/guardian.py:21 — invalid syntax. Is this intended to be part of the string?
✅ WISDOM HIT: Pattern already known — syntax_error
❌ SYNTAX ERROR: une/guardian_v4.py:12 — invalid syntax. Is this intended to be part of the string?
✅ WISDOM HIT: Pattern already known — syntax_error
❌ SYNTAX ERROR: une/kernel_init.py:10 — invalid syntax. Is this intended to be part of the string?
✅ WISDOM HIT: Pattern already known — syntax_error
❌ SYNTAX ERROR: une/last_fix.py:6 — invalid syntax. Perhaps you forgot a comma?
✅ WISDOM HIT: Pattern already known — syntax_error
❌ SYNTAX ERROR: une/note.py:6 — invalid syntax. Is this intended to be part of the string?
✅ WISDOM HIT: Pattern already known — syntax_error
❌ SYNTAX ERROR: une/repair_imports.py:6 — invalid syntax. Perhaps you forgot a comma?
✅ WISDOM HIT: Pattern already known — syntax_error
❌ SYNTAX ERROR: une/self_clone.py:10 — invalid syntax
✅ WISDOM HIT: Pattern already known — syntax_error
❌ SYNTAX ERROR: une/snapshot.py:15 — invalid syntax. Perhaps you forgot a comma?
✅ WISDOM HIT: Pattern already known — syntax_error
❌ SYNTAX ERROR: une/swarm_query.py:31 — invalid syntax
✅ WISDOM HIT: Pattern already known — syntax_error
❌ SYNTAX ERROR: une/ultimate_fix.py:6 — invalid syntax. Perhaps you forgot a comma?
✅ WISDOM HIT: Pattern already known — syntax_error
❌ SYNTAX ERROR: une/wire_core.py:13 — invalid syntax. Perhaps you forgot a comma?
✅ WISDOM HIT: Pattern already known — syntax_error
❌ SYNTAX ERROR: une/computational_flow/atomic_scan.py:17 — invalid syntax. Perhaps you forgot a comma?
✅ WISDOM HIT: Pattern already known — syntax_error
❌ SYNTAX ERROR: une/computational_flow/extract_seed.py:41 — invalid syntax. Perhaps you forgot a comma?
✅ WISDOM HIT: Pattern already known — syntax_error
❌ SYNTAX ERROR: une/computational_flow/fs_hook.py:14 — invalid syntax. Perhaps you forgot a comma?
✅ WISDOM HIT: Pattern already known — syntax_error
❌ SYNTAX ERROR: une/computational_flow/push_proof.py:17 — invalid syntax
✅ WISDOM HIT: Pattern already known — syntax_error
❌ SYNTAX ERROR: une/tools/stream_of_thought.py:14 — invalid syntax. Is this intended to be part of the string?
✅ WISDOM HIT: Pattern already known — syntax_error
❌ SYNTAX ERROR: wisdom-scaffold/computational_flow/fusion_core.py:58 — invalid syntax. Is this intended to be part of the string?
✅ WISDOM HIT: Pattern already known — syntax_error
❌ SYNTAX ERROR: wisdom-scaffold/computational_flow/fusion_sensor_wrapper.py:43 — invalid syntax. Perhaps you forgot a comma?
✅ WISDOM HIT: Pattern already known — syntax_error
🔍 SYNTAX: Found 60 syntax errors
🔍 SCANNER: Hardcoded path scan starting...
🔍 PATHS: Found 363 hardcoded path references
✅ WISDOM HIT: Pattern already known — hardcoded_path
✅ WISDOM HIT: Pattern already known — hardcoded_path
✅ WISDOM HIT: Pattern already known — hardcoded_path
✅ WISDOM HIT: Pattern already known — hardcoded_path
✅ WISDOM HIT: Pattern already known — hardcoded_path
🔍 SCANNER: Contributions bloat scan starting...
🔍 CONTRIBUTIONS: 6 files, 1 can be pruned
✅ WISDOM HIT: Pattern already known — contributions_bloat

── PHASE 2: DIAGNOSE ──
   Total problems found: 423
   Lessons learned: 0
   Known patterns blocked: 71

── PHASE 3: MUTATE ──
🔧 MUTATION: Deduplication fix starting...
  🔗 LINKED: aerocement/data/.gitkeep → une/une/__init__.py
  🔗 LINKED: OpenCell-Thermal-System/0_data/raw/raw_data.csv → une/une/__init__.py
  🔗 LINKED: OpenCell-Thermal-System/docs/specifications/permissions-audit.txt → une/une/__init__.py
  🔗 LINKED: openroot/relay/input.txt → une/une/__init__.py
  🔗 LINKED: openroot-spoke-template/bom/.gitkeep → une/une/__init__.py
  🔗 LINKED: openroot-spoke-template/cad/.gitkeep → une/une/__init__.py
  🔗 LINKED: openroot-spoke-template/docs/.gitkeep → une/une/__init__.py
  🔗 LINKED: openroot-spoke-template/src/.gitkeep → une/une/__init__.py
  🔗 LINKED: renaissance-protocol/docs/case_studies/README.md → une/une/__init__.py
  🔗 LINKED: renaissance-protocol/docs/engineering/README.md → une/une/__init__.py
  🔗 LINKED: renaissance-protocol/hardware/hho/README.md → une/une/__init__.py
  🔗 LINKED: renaissance-protocol/hardware/labyrinth/README.md → une/une/__init__.py
  🔗 LINKED: renaissance-protocol/hardware/panels/README.md → une/une/__init__.py
  🔗 LINKED: renaissance-protocol/hardware/stirling/README.md → une/une/__init__.py
  🔗 LINKED: renaissance-protocol/hardware/welder/HHO_Electrolysis_Module.md → une/une/__init__.py
  🔗 LINKED: renaissance-protocol/library/volumes/README.md → une/une/__init__.py
  🔗 LINKED: renaissance-protocol/src/README.md → une/une/__init__.py
  🔗 LINKED: wisdom-scaffold/--body → une/une/__init__.py
  🔗 LINKED: wisdom-scaffold/--label → une/une/__init__.py
  🔗 LINKED: wisdom-scaffold/--repo → une/une/__init__.py
  🔗 LINKED: wisdom-scaffold/--title → une/une/__init__.py
  🔗 LINKED: openroot/recovered_blueprints/une_h003_capture.sh → aerocement/observations/une_h003_capture.sh
  🔗 LINKED: openroot/computational_flow/tasks/task_h003.json → aerocement/swarm/tasks/task_h003.json
  🔗 LINKED: openroot/une_protocol/demo_final.py → aerocement/une-dev/demo_final.py
  🔗 LINKED: openroot/recovered_blueprints/une_server_old.py → aerocement/une-dev/une_server_old.py
  🔗 LINKED: aerocement/contributions/meta_upgrade_20260805_000209.py → aerocement/contributions/meta_upgrade_20260804_235501.py
  🔗 LINKED: aerocement/contributions/meta_upgrade_20260805_003528.py → aerocement/contributions/meta_upgrade_20260804_235501.py
  🔗 LINKED: aerocement/contributions/meta_upgrade_20260805_003724.py → aerocement/contributions/meta_upgrade_20260804_235501.py
  🔗 LINKED: aerocement/contributions/meta_upgrade_20260805_005431.py → aerocement/contributions/meta_upgrade_20260804_235501.py
  🔗 LINKED: aerocement/contributions/meta_upgrade_20260805_015941.py → aerocement/contributions/meta_upgrade_20260804_235501.py
  🔗 LINKED: aerocement-/.gitignore → agape-une/.gitignore
  🔗 LINKED: agape-coordination/.gitignore → agape-une/.gitignore
  🔗 LINKED: black-locust-rmh/.gitignore → agape-une/.gitignore
  🔗 LINKED: civilization2.0/.gitignore → agape-une/.gitignore
  🔗 LINKED: open-cell-thermal-open-cell-the/.gitignore → agape-une/.gitignore
  🔗 LINKED: OpenCell-Thermal-System/.gitignore → agape-une/.gitignore
  🔗 LINKED: wisdom-scaffold/.gitignore → agape-une/.gitignore
  🔗 LINKED: aerocement-/LICENSE → agape-une/LICENSE
  🔗 LINKED: AeroCement_Ecosystem/LICENSE → agape-une/LICENSE
  🔗 LINKED: agape-coordination/LICENSE → agape-une/LICENSE
  🔗 LINKED: black-locust-rmh/LICENSE → agape-une/LICENSE
  🔗 LINKED: civilization2.0/LICENSE → agape-une/LICENSE
  🔗 LINKED: jesseray718/LICENSE → agape-une/LICENSE
  🔗 LINKED: open-cell-thermal-open-cell-the/LICENSE → agape-une/LICENSE
  🔗 LINKED: aerocement-/contributions/meta_upgrade_20260805_000210.py → aerocement-/contributions/meta_upgrade_20260804_235502.py
  🔗 LINKED: aerocement-/contributions/meta_upgrade_20260805_003529.py → aerocement-/contributions/meta_upgrade_20260804_235502.py
  🔗 LINKED: aerocement-/contributions/meta_upgrade_20260805_003725.py → aerocement-/contributions/meta_upgrade_20260804_235502.py
  🔗 LINKED: aerocement-/contributions/meta_upgrade_20260805_005432.py → aerocement-/contributions/meta_upgrade_20260804_235502.py
  🔗 LINKED: aerocement-/contributions/meta_upgrade_20260805_015942.py → aerocement-/contributions/meta_upgrade_20260804_235502.py
  🔗 LINKED: AeroCement_Ecosystem/contributions/meta_upgrade_20260805_000206.py → AeroCement_Ecosystem/contributions/meta_upgrade_20260804_235457.py
  🔗 LINKED: AeroCement_Ecosystem/contributions/meta_upgrade_20260805_003525.py → AeroCement_Ecosystem/contributions/meta_upgrade_20260804_235457.py
  🔗 LINKED: AeroCement_Ecosystem/contributions/meta_upgrade_20260805_003721.py → AeroCement_Ecosystem/contributions/meta_upgrade_20260804_235457.py
  🔗 LINKED: AeroCement_Ecosystem/contributions/meta_upgrade_20260805_005428.py → AeroCement_Ecosystem/contributions/meta_upgrade_20260804_235457.py
  🔗 LINKED: AeroCement_Ecosystem/contributions/meta_upgrade_20260805_015938.py → AeroCement_Ecosystem/contributions/meta_upgrade_20260804_235457.py
  🔗 LINKED: agape-coordination/AGAPE_THESIS.md → une/AGAPE_THESIS.md
  🔗 LINKED: une/computational_flow/agape_stress_test.py → agape-coordination/agape_stress_test.py
  🔗 LINKED: une/computational_flow/cosmic_query_engine.py → agape-coordination/cosmic_query_engine.py
  🔗 LINKED: une/computational_flow/thermal_cascade_optimizer.py → agape-coordination/thermal_cascade_optimizer.py
  🔗 LINKED: agape-coordination/contributions/meta_upgrade_20260805_000211.py → agape-coordination/contributions/meta_upgrade_20260804_235503.py
  🔗 LINKED: agape-coordination/contributions/meta_upgrade_20260805_003530.py → agape-coordination/contributions/meta_upgrade_20260804_235503.py
  🔗 LINKED: agape-coordination/contributions/meta_upgrade_20260805_003726.py → agape-coordination/contributions/meta_upgrade_20260804_235503.py
  🔗 LINKED: agape-coordination/contributions/meta_upgrade_20260805_005433.py → agape-coordination/contributions/meta_upgrade_20260804_235503.py
  🔗 LINKED: agape-coordination/contributions/meta_upgrade_20260805_015943.py → agape-coordination/contributions/meta_upgrade_20260804_235503.py
  🔗 LINKED: agape-une/contributions/meta_upgrade_20260805_000212.py → agape-une/contributions/meta_upgrade_20260804_235504.py
  🔗 LINKED: agape-une/contributions/meta_upgrade_20260805_003531.py → agape-une/contributions/meta_upgrade_20260804_235504.py
  🔗 LINKED: agape-une/contributions/meta_upgrade_20260805_003727.py → agape-une/contributions/meta_upgrade_20260804_235504.py
  🔗 LINKED: agape-une/contributions/meta_upgrade_20260805_005434.py → agape-une/contributions/meta_upgrade_20260804_235504.py
  🔗 LINKED: agape-une/contributions/meta_upgrade_20260805_015945.py → agape-une/contributions/meta_upgrade_20260804_235504.py
  🔗 LINKED: black-locust-rmh/handbook_energy_DV.GEN.BL.RMH.001.md → black-locust-rmh/DV.GEN.BL.RMH.001.md
  🔗 LINKED: black-locust-rmh/handbook/energy/DV.GEN.BL.RMH.001.md → black-locust-rmh/DV.GEN.BL.RMH.001.md
  🔗 LINKED: black-locust-rmh/contributions/meta_upgrade_20260805_000214.py → black-locust-rmh/contributions/meta_upgrade_20260804_235506.py
  🔗 LINKED: black-locust-rmh/contributions/meta_upgrade_20260805_003533.py → black-locust-rmh/contributions/meta_upgrade_20260804_235506.py
  🔗 LINKED: black-locust-rmh/contributions/meta_upgrade_20260805_003729.py → black-locust-rmh/contributions/meta_upgrade_20260804_235506.py
  🔗 LINKED: black-locust-rmh/contributions/meta_upgrade_20260805_005436.py → black-locust-rmh/contributions/meta_upgrade_20260804_235506.py
  🔗 LINKED: black-locust-rmh/contributions/meta_upgrade_20260805_015946.py → black-locust-rmh/contributions/meta_upgrade_20260804_235506.py
  🔗 LINKED: civilization2.0/contributions/meta_upgrade_20260805_000215.py → civilization2.0/contributions/meta_upgrade_20260804_235507.py
  🔗 LINKED: civilization2.0/contributions/meta_upgrade_20260805_003534.py → civilization2.0/contributions/meta_upgrade_20260804_235507.py
  🔗 LINKED: civilization2.0/contributions/meta_upgrade_20260805_003730.py → civilization2.0/contributions/meta_upgrade_20260804_235507.py
  🔗 LINKED: civilization2.0/contributions/meta_upgrade_20260805_005437.py → civilization2.0/contributions/meta_upgrade_20260804_235507.py
  🔗 LINKED: civilization2.0/contributions/meta_upgrade_20260805_015948.py → civilization2.0/contributions/meta_upgrade_20260804_235507.py
  🔗 LINKED: jesseray718/contributions/meta_upgrade_20260805_000217.py → jesseray718/contributions/meta_upgrade_20260804_235508.py
  🔗 LINKED: jesseray718/contributions/meta_upgrade_20260805_003535.py → jesseray718/contributions/meta_upgrade_20260804_235508.py
  🔗 LINKED: jesseray718/contributions/meta_upgrade_20260805_003731.py → jesseray718/contributions/meta_upgrade_20260804_235508.py
  🔗 LINKED: jesseray718/contributions/meta_upgrade_20260805_005438.py → jesseray718/contributions/meta_upgrade_20260804_235508.py
  🔗 LINKED: jesseray718/contributions/meta_upgrade_20260805_015948.py → jesseray718/contributions/meta_upgrade_20260804_235508.py
  🔗 LINKED: open-cell-thermal-open-cell-the/contributions/meta_upgrade_20260805_000219.py → open-cell-thermal-open-cell-the/contributions/meta_upgrade_20260804_235510.py
  🔗 LINKED: open-cell-thermal-open-cell-the/contributions/meta_upgrade_20260805_003536.py → open-cell-thermal-open-cell-the/contributions/meta_upgrade_20260804_235510.py
  🔗 LINKED: open-cell-thermal-open-cell-the/contributions/meta_upgrade_20260805_003732.py → open-cell-thermal-open-cell-the/contributions/meta_upgrade_20260804_235510.py
  🔗 LINKED: open-cell-thermal-open-cell-the/contributions/meta_upgrade_20260805_005439.py → open-cell-thermal-open-cell-the/contributions/meta_upgrade_20260804_235510.py
  🔗 LINKED: open-cell-thermal-open-cell-the/contributions/meta_upgrade_20260805_015950.py → open-cell-thermal-open-cell-the/contributions/meta_upgrade_20260804_235510.py
  🔗 LINKED: OpenCell-Thermal-System/docs/manuscript/nifa-application.md → OpenCell-Thermal-System/nifa-application.md
  🔗 LINKED: OpenCell-Thermal-System/1_code/src/pdf-compile.py → OpenCell-Thermal-System/1_code/src/pdf-comp.py
  🔗 LINKED: renaissance-protocol/library/volumes/06_ENTROPY_LEARNING/entropy_learnjng.md → OpenCell-Thermal-System/docs/manuscript/File: 06_ENTROPY_LEARNING.md
  🔗 LINKED: OpenCell-Thermal-System/contributions/meta_upgrade_20260805_000208.py → OpenCell-Thermal-System/contributions/meta_upgrade_20260804_235459.py
  🔗 LINKED: OpenCell-Thermal-System/contributions/meta_upgrade_20260805_003526.py → OpenCell-Thermal-System/contributions/meta_upgrade_20260804_235459.py
  🔗 LINKED: OpenCell-Thermal-System/contributions/meta_upgrade_20260805_003722.py → OpenCell-Thermal-System/contributions/meta_upgrade_20260804_235459.py
  🔗 LINKED: OpenCell-Thermal-System/contributions/meta_upgrade_20260805_005429.py → OpenCell-Thermal-System/contributions/meta_upgrade_20260804_235459.py
  🔗 LINKED: OpenCell-Thermal-System/contributions/meta_upgrade_20260805_015939.py → OpenCell-Thermal-System/contributions/meta_upgrade_20260804_235459.py
  🔗 LINKED: openroot/.github/copilot-instructions.md → une/docs/copilot-instructions.md
  🔗 LINKED: openroot/docs/copilot-instructions.md → une/docs/copilot-instructions.md
  🔗 LINKED: openroot/computational_flow/queue/task_2_queue.json.aiq_output → openroot/computational_flow/queue/task_1_queue.json.aiq_output
  🔗 LINKED: openroot/computational_flow/queue/task_3_queue.json.aiq_output → openroot/computational_flow/queue/task_1_queue.json.aiq_output
  🔗 LINKED: openroot/computational_flow/queue/task_4_queue.json.aiq_output → openroot/computational_flow/queue/task_1_queue.json.aiq_output
  🔗 LINKED: openroot/context_bridge/foundation_map_20260726_183722.json → openroot/context_bridge/foundation_map.json
  🔗 LINKED: openroot/context_bridge/foundation_map_20260726_185316.json → openroot/context_bridge/foundation_map.json
  🔗 LINKED: openroot/dist/publication/state.md → openroot/docs/context/state.md
  🔗 LINKED: openroot/docs/public-validation/THERMAL-CASCADE-VETIFICATION.md → openroot/dist/zenodo-upload/THERMAL-CASCADE-VETIFICATION.md
  🔗 LINKED: openroot/recovered_blueprints/050_hive_bridge.json → openroot/dump/chunks/050_hive_bridge.json
  🔗 LINKED: openroot/swarm/audits/jesseray718_20260717_041221/metrics.csv → openroot/swarm/audits/jesseray718_20260717_040954/metrics.csv
  🔗 LINKED: openroot/swarm/audits/jesseray718_20260717_041414/metrics.csv → openroot/swarm/audits/jesseray718_20260717_040954/metrics.csv
  🔗 LINKED: openroot/swarm/audits/jesseray718_20260717_041625/metrics.csv → openroot/swarm/audits/jesseray718_20260717_040954/metrics.csv
  🔗 LINKED: openroot/swarm/audits/jesseray718_20260717_042458/metrics.csv → openroot/swarm/audits/jesseray718_20260717_040954/metrics.csv
  🔗 LINKED: openroot/swarm/audits/jesseray718_20260717_042849/metrics.csv → openroot/swarm/audits/jesseray718_20260717_040954/metrics.csv
  🔗 LINKED: openroot/swarm/audits/jesseray718_20260717_043146/metrics.csv → openroot/swarm/audits/jesseray718_20260717_040954/metrics.csv
  🔗 LINKED: openroot/contributions/meta_upgrade_20260805_000223.py → openroot/contributions/meta_upgrade_20260804_235515.py
  🔗 LINKED: openroot/contributions/meta_upgrade_20260805_003542.py → openroot/contributions/meta_upgrade_20260804_235515.py
  🔗 LINKED: openroot/contributions/meta_upgrade_20260805_003737.py → openroot/contributions/meta_upgrade_20260804_235515.py
  🔗 LINKED: openroot/contributions/meta_upgrade_20260805_005443.py → openroot/contributions/meta_upgrade_20260804_235515.py
  🔗 LINKED: openroot/contributions/meta_upgrade_20260805_015954.py → openroot/contributions/meta_upgrade_20260804_235515.py
  🔗 LINKED: openroot-spoke-template/contributions/meta_upgrade_20260805_000225.py → openroot-spoke-template/contributions/meta_upgrade_20260804_235517.py
  🔗 LINKED: openroot-spoke-template/contributions/meta_upgrade_20260805_003543.py → openroot-spoke-template/contributions/meta_upgrade_20260804_235517.py
  🔗 LINKED: openroot-spoke-template/contributions/meta_upgrade_20260805_003739.py → openroot-spoke-template/contributions/meta_upgrade_20260804_235517.py
  🔗 LINKED: openroot-spoke-template/contributions/meta_upgrade_20260805_005445.py → openroot-spoke-template/contributions/meta_upgrade_20260804_235517.py
  🔗 LINKED: openroot-spoke-template/contributions/meta_upgrade_20260805_015955.py → openroot-spoke-template/contributions/meta_upgrade_20260804_235517.py
  🔗 LINKED: renaissance-protocol/library/volumes/06_ENTROPY_LEARNING/scripts/kai_unknown → renaissance-protocol/library/volumes/06_ENTROPY_LEARNING/scripts/joy_log.py
  🔗 LINKED: renaissance-protocol/contributions/meta_upgrade_20260805_000227.py → renaissance-protocol/contributions/meta_upgrade_20260804_235519.py
  🔗 LINKED: renaissance-protocol/contributions/meta_upgrade_20260805_003545.py → renaissance-protocol/contributions/meta_upgrade_20260804_235519.py
  🔗 LINKED: renaissance-protocol/contributions/meta_upgrade_20260805_003740.py → renaissance-protocol/contributions/meta_upgrade_20260804_235519.py
  🔗 LINKED: renaissance-protocol/contributions/meta_upgrade_20260805_005447.py → renaissance-protocol/contributions/meta_upgrade_20260804_235519.py
  🔗 LINKED: renaissance-protocol/contributions/meta_upgrade_20260805_015957.py → renaissance-protocol/contributions/meta_upgrade_20260804_235519.py
  🔗 LINKED: skills-introduction-to-github/contributions/meta_upgrade_20260805_000227.py → skills-introduction-to-github/contributions/meta_upgrade_20260804_235520.py
  🔗 LINKED: skills-introduction-to-github/contributions/meta_upgrade_20260805_003545.py → skills-introduction-to-github/contributions/meta_upgrade_20260804_235520.py
  🔗 LINKED: skills-introduction-to-github/contributions/meta_upgrade_20260805_003741.py → skills-introduction-to-github/contributions/meta_upgrade_20260804_235520.py
  🔗 LINKED: skills-introduction-to-github/contributions/meta_upgrade_20260805_005448.py → skills-introduction-to-github/contributions/meta_upgrade_20260804_235520.py
  🔗 LINKED: skills-introduction-to-github/contributions/meta_upgrade_20260805_015958.py → skills-introduction-to-github/contributions/meta_upgrade_20260804_235520.py
  🔗 LINKED: wisdom-scaffold/computational_flow/drill_scheduler.sh → une/computational_flow/drill_scheduler.sh
  🔗 LINKED: une/contributions/meta_upgrade_20260805_000229.py → une/contributions/meta_upgrade_20260804_235522.py
  🔗 LINKED: une/contributions/meta_upgrade_20260805_003547.py → une/contributions/meta_upgrade_20260804_235522.py
  🔗 LINKED: une/contributions/meta_upgrade_20260805_003742.py → une/contributions/meta_upgrade_20260804_235522.py
  🔗 LINKED: une/contributions/meta_upgrade_20260805_005449.py → une/contributions/meta_upgrade_20260804_235522.py
  🔗 LINKED: une/contributions/meta_upgrade_20260805_020000.py → une/contributions/meta_upgrade_20260804_235522.py
  🔗 LINKED: wisdom-scaffold/contributions/meta_upgrade_20260805_000231.py → wisdom-scaffold/contributions/meta_upgrade_20260804_235525.py
  🔗 LINKED: wisdom-scaffold/contributions/meta_upgrade_20260805_003549.py → wisdom-scaffold/contributions/meta_upgrade_20260804_235525.py
  🔗 LINKED: wisdom-scaffold/contributions/meta_upgrade_20260805_003744.py → wisdom-scaffold/contributions/meta_upgrade_20260804_235525.py
  🔗 LINKED: wisdom-scaffold/contributions/meta_upgrade_20260805_005451.py → wisdom-scaffold/contributions/meta_upgrade_20260804_235525.py
  🔗 LINKED: wisdom-scaffold/contributions/meta_upgrade_20260805_020001.py → wisdom-scaffold/contributions/meta_upgrade_20260804_235525.py
🔧 DEDUP: Consolidated 146 files into symlinks
🔧 MUTATION: Syntax fix starting...
🔧 SYNTAX: Fixed 0/60 errors
🔧 MUTATION: Hardcoded path fix starting...
🔧 PATHS: Fixed 0/363 hardcoded paths
🔧 MUTATION: Pruning old contributions...
🔧 PRUNED: 1 old contribution files

── PHASE 4: EVOLVE ──
🧬 EVOLUTION: Generating self-improvement patch...
🧬 EVOLUTION: Patch /data/data/com.termux/files/home/une/contributions/auto_evolution_20260805_022228.py generated and verified

── PHASE 5: PRACTICE ──
🔁 PRACTICE: Testing previous evolution patches...
🔁 PRACTICE: 6 passed, 0 failed out of 6 tested

── PHASE 6: SNAPSHOT ──
📸 SNAPSHOT: Capturing post-cycle state...
📸 SNAPSHOT: Saved to /data/data/com.termux/files/home/une/autonomous_snapshot.json

════════════════════════════════════════════════════════════
🏆 CYCLE COMPLETE
   Files scanned: 1456
   Problems found: 423
   Problems fixed: 147
   Lessons learned: 0
   Wisdom patterns blocked: 71
   Evolution patches generated: 1
   Fix rate: 34.8%
════════════════════════════════════════════════════════════
📋 Report saved: /data/data/com.termux/files/home/une/autonomous_report.json
Wed Aug  5 02:22:32 CDT 2026: ── Cycle complete, sleeping 1800s ──
Wed Aug  5 02:23:14 CDT 2026: ── Starting cycle ──
/data/data/com.termux/files/home/une/meta_hub/aerocement/aerocement/beacon.py:43: SyntaxWarning: "\~" is an invalid escape sequence. Such sequences will not work in the future. Did you mean "\\~"? A raw string is also an option.
  "title": "H-003 radiative-capture headline overstated \~10x (likely decimal/units error)",
/data/data/com.termux/files/home/une/meta_hub/openroot/volumetric/aero-disc/scripts/porous_exchanger_design.py:208: SyntaxWarning: "\~" is an invalid escape sequence. Such sequences will not work in the future. Did you mean "\\~"? A raw string is also an option.
  print("  Rule: NTU past \~5 buys almost nothing but extra ΔP.")
════════════════════════════════════════════════════════════
🦁 AUTONOMOUS MESH ENGINE v1.0 — CYCLE START
   Base: /data/data/com.termux/files/home/une
   Meta Hub: /data/data/com.termux/files/home/une/meta_hub
   Wisdom: /data/data/com.termux/files/home/une/wisdom/error_patterns.json
════════════════════════════════════════════════════════════

── PHASE 1: OBSERVE ──
🔍 SCANNER: Deduplication scan starting...
🔍 DEDUP: Found 40 duplicate groups, 146 redundant files, ~4040KB reclaimable
✅ WISDOM HIT: Pattern already known — duplicate_file
✅ WISDOM HIT: Pattern already known — duplicate_file
✅ WISDOM HIT: Pattern already known — duplicate_file
✅ WISDOM HIT: Pattern already known — duplicate_file
✅ WISDOM HIT: Pattern already known — duplicate_file
🔍 SCANNER: Syntax scan starting...
❌ SYNTAX ERROR: aerocement/rmh.py:56 — invalid syntax. Perhaps you forgot a comma?
✅ WISDOM HIT: Pattern already known — syntax_error
❌ SYNTAX ERROR: aerocement/scripts/data_logger.py:2 — invalid syntax
✅ WISDOM HIT: Pattern already known — syntax_error
❌ SYNTAX ERROR: aerocement/scripts/data_logger_v03.py:16 — invalid syntax. Is this intended to be part of the string?
✅ WISDOM HIT: Pattern already known — syntax_error
❌ SYNTAX ERROR: aerocement/une-dev/test_une_fixed.py:19 — invalid syntax. Perhaps you forgot a comma?
✅ WISDOM HIT: Pattern already known — syntax_error
❌ SYNTAX ERROR: agape-coordination/agape_engine.py:57 — invalid syntax. Is this intended to be part of the string?
✅ WISDOM HIT: Pattern already known — syntax_error
❌ SYNTAX ERROR: agape-coordination/swarm_core_v3.py:41 — invalid syntax
✅ WISDOM HIT: Pattern already known — syntax_error
❌ SYNTAX ERROR: OpenCell-Thermal-System/1_code/src/pdf-comp.py:1 — invalid syntax
✅ WISDOM HIT: Pattern already known — syntax_error
❌ SYNTAX ERROR: OpenCell-Thermal-System/1_code/src/pdf-compile.py:1 — invalid syntax
✅ WISDOM HIT: Pattern already known — syntax_error
❌ SYNTAX ERROR: openroot/test_configs.py:6 — invalid syntax. Is this intended to be part of the string?
✅ WISDOM HIT: Pattern already known — syntax_error
❌ SYNTAX ERROR: openroot/bin/acre_mint_claim.py:13 — invalid syntax. Is this intended to be part of the string?
✅ WISDOM HIT: Pattern already known — syntax_error
❌ SYNTAX ERROR: openroot/bin/auto_sensor_capture.py:14 — invalid syntax. Is this intended to be part of the string?
✅ WISDOM HIT: Pattern already known — syntax_error
❌ SYNTAX ERROR: openroot/bin/embed_docs.py:7 — invalid syntax. Perhaps you forgot a comma?
✅ WISDOM HIT: Pattern already known — syntax_error
❌ SYNTAX ERROR: openroot/bin/h003_resonant_solver.py:348 — invalid decimal literal
✅ WISDOM HIT: Pattern already known — syntax_error
❌ SYNTAX ERROR: openroot/bin/instrument_ledger.py:15 — invalid syntax. Is this intended to be part of the string?
✅ WISDOM HIT: Pattern already known — syntax_error
❌ SYNTAX ERROR: openroot/bin/offline_rank.py:6 — invalid syntax. Perhaps you forgot a comma?
✅ WISDOM HIT: Pattern already known — syntax_error
❌ SYNTAX ERROR: openroot/bin/offline_writer.py:12 — invalid syntax. Perhaps you forgot a comma?
✅ WISDOM HIT: Pattern already known — syntax_error
❌ SYNTAX ERROR: openroot/bin/orphan_cleanup.py:16 — invalid syntax. Is this intended to be part of the string?
✅ WISDOM HIT: Pattern already known — syntax_error
❌ SYNTAX ERROR: openroot/bin/query_agent.py:12 — invalid syntax. Perhaps you forgot a comma?
✅ WISDOM HIT: Pattern already known — syntax_error
❌ SYNTAX ERROR: openroot/bin/thermal_v62_balanced.py:300 — invalid syntax. Perhaps you forgot a comma?
✅ WISDOM HIT: Pattern already known — syntax_error
❌ SYNTAX ERROR: openroot/bin/vecquery.py:8 — invalid syntax. Perhaps you forgot a comma?
✅ WISDOM HIT: Pattern already known — syntax_error
❌ SYNTAX ERROR: openroot/context_bridge/absorb_full_session.py:5 — invalid syntax
✅ WISDOM HIT: Pattern already known — syntax_error
❌ SYNTAX ERROR: openroot/context_bridge/absorb_now.py:5 — invalid syntax
✅ WISDOM HIT: Pattern already known — syntax_error
❌ SYNTAX ERROR: openroot/context_bridge/absorb_to_wisdom.py:5 — invalid syntax
✅ WISDOM HIT: Pattern already known — syntax_error
❌ SYNTAX ERROR: openroot/context_bridge/openroot_state.py:11 — invalid syntax. Perhaps you forgot a comma?
✅ WISDOM HIT: Pattern already known — syntax_error
❌ SYNTAX ERROR: openroot/lattice/meta_mesh_engine.py:17 — invalid syntax. Is this intended to be part of the string?
✅ WISDOM HIT: Pattern already known — syntax_error
❌ SYNTAX ERROR: openroot/ledger/cpu_joules.py:5 — invalid syntax
✅ WISDOM HIT: Pattern already known — syntax_error
❌ SYNTAX ERROR: openroot/ledger/merkle_joule_ledger.py:12 — invalid syntax. Perhaps you forgot a comma?
✅ WISDOM HIT: Pattern already known — syntax_error
❌ SYNTAX ERROR: openroot/ledger/state_and_viz.py:6 — invalid syntax
✅ WISDOM HIT: Pattern already known — syntax_error
❌ SYNTAX ERROR: openroot/ledger/thermo_ledger.py:4 — invalid syntax
✅ WISDOM HIT: Pattern already known — syntax_error
❌ SYNTAX ERROR: openroot/ledger/thermo_ledger_sqlite.py:5 — invalid syntax
✅ WISDOM HIT: Pattern already known — syntax_error
❌ SYNTAX ERROR: renaissance-protocol/src/log_temp.py:1 — invalid syntax
✅ WISDOM HIT: Pattern already known — syntax_error
❌ SYNTAX ERROR: une/absorb_batch.py:90 — invalid syntax. Is this intended to be part of the string?
✅ WISDOM HIT: Pattern already known — syntax_error
❌ SYNTAX ERROR: une/alchemy_transmute.py:115 — invalid syntax. Perhaps you forgot a comma?
✅ WISDOM HIT: Pattern already known — syntax_error
❌ SYNTAX ERROR: une/apply_all.py:77 — invalid syntax. Perhaps you forgot a comma?
✅ WISDOM HIT: Pattern already known — syntax_error
❌ SYNTAX ERROR: une/build_final.py:7 — invalid syntax. Perhaps you forgot a comma?
✅ WISDOM HIT: Pattern already known — syntax_error
❌ SYNTAX ERROR: une/bulk_migrate.py:6 — invalid syntax. Perhaps you forgot a comma?
✅ WISDOM HIT: Pattern already known — syntax_error
❌ SYNTAX ERROR: une/cleanup_final.py:6 — invalid syntax. Perhaps you forgot a comma?
✅ WISDOM HIT: Pattern already known — syntax_error
❌ SYNTAX ERROR: une/create_scripture_corpus.py:1039 — '{' was never closed
✅ WISDOM HIT: Pattern already known — syntax_error
❌ SYNTAX ERROR: une/evolution_engine.py:9 — invalid syntax. Is this intended to be part of the string?
✅ WISDOM HIT: Pattern already known — syntax_error
❌ SYNTAX ERROR: une/final_fix.py:6 — invalid syntax. Perhaps you forgot a comma?
✅ WISDOM HIT: Pattern already known — syntax_error
❌ SYNTAX ERROR: une/fix_all_issues.py:6 — invalid syntax. Perhaps you forgot a comma?
✅ WISDOM HIT: Pattern already known — syntax_error
❌ SYNTAX ERROR: une/fix_round2.py:6 — invalid syntax. Perhaps you forgot a comma?
✅ WISDOM HIT: Pattern already known — syntax_error
❌ SYNTAX ERROR: une/guardian.py:21 — invalid syntax. Is this intended to be part of the string?
✅ WISDOM HIT: Pattern already known — syntax_error
❌ SYNTAX ERROR: une/guardian_v4.py:12 — invalid syntax. Is this intended to be part of the string?
✅ WISDOM HIT: Pattern already known — syntax_error
❌ SYNTAX ERROR: une/kernel_init.py:10 — invalid syntax. Is this intended to be part of the string?
✅ WISDOM HIT: Pattern already known — syntax_error
❌ SYNTAX ERROR: une/last_fix.py:6 — invalid syntax. Perhaps you forgot a comma?
✅ WISDOM HIT: Pattern already known — syntax_error
❌ SYNTAX ERROR: une/note.py:6 — invalid syntax. Is this intended to be part of the string?
✅ WISDOM HIT: Pattern already known — syntax_error
❌ SYNTAX ERROR: une/repair_imports.py:6 — invalid syntax. Perhaps you forgot a comma?
✅ WISDOM HIT: Pattern already known — syntax_error
❌ SYNTAX ERROR: une/self_clone.py:10 — invalid syntax
✅ WISDOM HIT: Pattern already known — syntax_error
❌ SYNTAX ERROR: une/snapshot.py:15 — invalid syntax. Perhaps you forgot a comma?
✅ WISDOM HIT: Pattern already known — syntax_error
❌ SYNTAX ERROR: une/swarm_query.py:31 — invalid syntax
✅ WISDOM HIT: Pattern already known — syntax_error
❌ SYNTAX ERROR: une/ultimate_fix.py:6 — invalid syntax. Perhaps you forgot a comma?
✅ WISDOM HIT: Pattern already known — syntax_error
❌ SYNTAX ERROR: une/wire_core.py:13 — invalid syntax. Perhaps you forgot a comma?
✅ WISDOM HIT: Pattern already known — syntax_error
❌ SYNTAX ERROR: une/computational_flow/atomic_scan.py:17 — invalid syntax. Perhaps you forgot a comma?
✅ WISDOM HIT: Pattern already known — syntax_error
❌ SYNTAX ERROR: une/computational_flow/extract_seed.py:41 — invalid syntax. Perhaps you forgot a comma?
✅ WISDOM HIT: Pattern already known — syntax_error
❌ SYNTAX ERROR: une/computational_flow/fs_hook.py:14 — invalid syntax. Perhaps you forgot a comma?
✅ WISDOM HIT: Pattern already known — syntax_error
❌ SYNTAX ERROR: une/computational_flow/push_proof.py:17 — invalid syntax
✅ WISDOM HIT: Pattern already known — syntax_error
❌ SYNTAX ERROR: une/tools/stream_of_thought.py:14 — invalid syntax. Is this intended to be part of the string?
✅ WISDOM HIT: Pattern already known — syntax_error
❌ SYNTAX ERROR: wisdom-scaffold/computational_flow/fusion_core.py:58 — invalid syntax. Is this intended to be part of the string?
✅ WISDOM HIT: Pattern already known — syntax_error
❌ SYNTAX ERROR: wisdom-scaffold/computational_flow/fusion_sensor_wrapper.py:43 — invalid syntax. Perhaps you forgot a comma?
✅ WISDOM HIT: Pattern already known — syntax_error
🔍 SYNTAX: Found 60 syntax errors
🔍 SCANNER: Hardcoded path scan starting...
🔍 PATHS: Found 363 hardcoded path references
✅ WISDOM HIT: Pattern already known — hardcoded_path
✅ WISDOM HIT: Pattern already known — hardcoded_path
✅ WISDOM HIT: Pattern already known — hardcoded_path
✅ WISDOM HIT: Pattern already known — hardcoded_path
✅ WISDOM HIT: Pattern already known — hardcoded_path
🔍 SCANNER: Contributions bloat scan starting...
🔍 CONTRIBUTIONS: 6 files, 1 can be pruned
✅ WISDOM HIT: Pattern already known — contributions_bloat

── PHASE 2: DIAGNOSE ──
   Total problems found: 423
   Lessons learned: 0
   Known patterns blocked: 71

── PHASE 3: MUTATE ──
🔧 MUTATION: Deduplication fix starting...
  🔗 LINKED: aerocement/data/.gitkeep → une/une/__init__.py
  🔗 LINKED: OpenCell-Thermal-System/0_data/raw/raw_data.csv → une/une/__init__.py
  🔗 LINKED: OpenCell-Thermal-System/docs/specifications/permissions-audit.txt → une/une/__init__.py
  🔗 LINKED: openroot/relay/input.txt → une/une/__init__.py
  🔗 LINKED: openroot-spoke-template/bom/.gitkeep → une/une/__init__.py
  🔗 LINKED: openroot-spoke-template/cad/.gitkeep → une/une/__init__.py
  🔗 LINKED: openroot-spoke-template/docs/.gitkeep → une/une/__init__.py
  🔗 LINKED: openroot-spoke-template/src/.gitkeep → une/une/__init__.py
  🔗 LINKED: renaissance-protocol/docs/case_studies/README.md → une/une/__init__.py
  🔗 LINKED: renaissance-protocol/docs/engineering/README.md → une/une/__init__.py
  🔗 LINKED: renaissance-protocol/hardware/hho/README.md → une/une/__init__.py
  🔗 LINKED: renaissance-protocol/hardware/labyrinth/README.md → une/une/__init__.py
  🔗 LINKED: renaissance-protocol/hardware/panels/README.md → une/une/__init__.py
  🔗 LINKED: renaissance-protocol/hardware/stirling/README.md → une/une/__init__.py
  🔗 LINKED: renaissance-protocol/hardware/welder/HHO_Electrolysis_Module.md → une/une/__init__.py
  🔗 LINKED: renaissance-protocol/library/volumes/README.md → une/une/__init__.py
  🔗 LINKED: renaissance-protocol/src/README.md → une/une/__init__.py
  🔗 LINKED: wisdom-scaffold/--body → une/une/__init__.py
  🔗 LINKED: wisdom-scaffold/--label → une/une/__init__.py
  🔗 LINKED: wisdom-scaffold/--repo → une/une/__init__.py
  🔗 LINKED: wisdom-scaffold/--title → une/une/__init__.py
  🔗 LINKED: openroot/recovered_blueprints/une_h003_capture.sh → aerocement/observations/une_h003_capture.sh
  🔗 LINKED: openroot/computational_flow/tasks/task_h003.json → aerocement/swarm/tasks/task_h003.json
  🔗 LINKED: openroot/une_protocol/demo_final.py → aerocement/une-dev/demo_final.py
  🔗 LINKED: openroot/recovered_blueprints/une_server_old.py → aerocement/une-dev/une_server_old.py
  🔗 LINKED: aerocement/contributions/meta_upgrade_20260805_000209.py → aerocement/contributions/meta_upgrade_20260804_235501.py
  🔗 LINKED: aerocement/contributions/meta_upgrade_20260805_003528.py → aerocement/contributions/meta_upgrade_20260804_235501.py
  🔗 LINKED: aerocement/contributions/meta_upgrade_20260805_003724.py → aerocement/contributions/meta_upgrade_20260804_235501.py
  🔗 LINKED: aerocement/contributions/meta_upgrade_20260805_005431.py → aerocement/contributions/meta_upgrade_20260804_235501.py
  🔗 LINKED: aerocement/contributions/meta_upgrade_20260805_015941.py → aerocement/contributions/meta_upgrade_20260804_235501.py
  🔗 LINKED: aerocement-/.gitignore → agape-une/.gitignore
  🔗 LINKED: agape-coordination/.gitignore → agape-une/.gitignore
  🔗 LINKED: black-locust-rmh/.gitignore → agape-une/.gitignore
  🔗 LINKED: civilization2.0/.gitignore → agape-une/.gitignore
  🔗 LINKED: open-cell-thermal-open-cell-the/.gitignore → agape-une/.gitignore
  🔗 LINKED: OpenCell-Thermal-System/.gitignore → agape-une/.gitignore
  🔗 LINKED: wisdom-scaffold/.gitignore → agape-une/.gitignore
  🔗 LINKED: aerocement-/LICENSE → agape-une/LICENSE
  🔗 LINKED: AeroCement_Ecosystem/LICENSE → agape-une/LICENSE
  🔗 LINKED: agape-coordination/LICENSE → agape-une/LICENSE
  🔗 LINKED: black-locust-rmh/LICENSE → agape-une/LICENSE
  🔗 LINKED: civilization2.0/LICENSE → agape-une/LICENSE
  🔗 LINKED: jesseray718/LICENSE → agape-une/LICENSE
  🔗 LINKED: open-cell-thermal-open-cell-the/LICENSE → agape-une/LICENSE
  🔗 LINKED: aerocement-/contributions/meta_upgrade_20260805_000210.py → aerocement-/contributions/meta_upgrade_20260804_235502.py
  🔗 LINKED: aerocement-/contributions/meta_upgrade_20260805_003529.py → aerocement-/contributions/meta_upgrade_20260804_235502.py
  🔗 LINKED: aerocement-/contributions/meta_upgrade_20260805_003725.py → aerocement-/contributions/meta_upgrade_20260804_235502.py
  🔗 LINKED: aerocement-/contributions/meta_upgrade_20260805_005432.py → aerocement-/contributions/meta_upgrade_20260804_235502.py
  🔗 LINKED: aerocement-/contributions/meta_upgrade_20260805_015942.py → aerocement-/contributions/meta_upgrade_20260804_235502.py
  🔗 LINKED: AeroCement_Ecosystem/contributions/meta_upgrade_20260805_000206.py → AeroCement_Ecosystem/contributions/meta_upgrade_20260804_235457.py
  🔗 LINKED: AeroCement_Ecosystem/contributions/meta_upgrade_20260805_003525.py → AeroCement_Ecosystem/contributions/meta_upgrade_20260804_235457.py
  🔗 LINKED: AeroCement_Ecosystem/contributions/meta_upgrade_20260805_003721.py → AeroCement_Ecosystem/contributions/meta_upgrade_20260804_235457.py
  🔗 LINKED: AeroCement_Ecosystem/contributions/meta_upgrade_20260805_005428.py → AeroCement_Ecosystem/contributions/meta_upgrade_20260804_235457.py
  🔗 LINKED: AeroCement_Ecosystem/contributions/meta_upgrade_20260805_015938.py → AeroCement_Ecosystem/contributions/meta_upgrade_20260804_235457.py
  🔗 LINKED: agape-coordination/AGAPE_THESIS.md → une/AGAPE_THESIS.md
  🔗 LINKED: une/computational_flow/agape_stress_test.py → agape-coordination/agape_stress_test.py
  🔗 LINKED: une/computational_flow/cosmic_query_engine.py → agape-coordination/cosmic_query_engine.py
  🔗 LINKED: une/computational_flow/thermal_cascade_optimizer.py → agape-coordination/thermal_cascade_optimizer.py
  🔗 LINKED: agape-coordination/contributions/meta_upgrade_20260805_000211.py → agape-coordination/contributions/meta_upgrade_20260804_235503.py
  🔗 LINKED: agape-coordination/contributions/meta_upgrade_20260805_003530.py → agape-coordination/contributions/meta_upgrade_20260804_235503.py
  🔗 LINKED: agape-coordination/contributions/meta_upgrade_20260805_003726.py → agape-coordination/contributions/meta_upgrade_20260804_235503.py
  🔗 LINKED: agape-coordination/contributions/meta_upgrade_20260805_005433.py → agape-coordination/contributions/meta_upgrade_20260804_235503.py
  🔗 LINKED: agape-coordination/contributions/meta_upgrade_20260805_015943.py → agape-coordination/contributions/meta_upgrade_20260804_235503.py
  🔗 LINKED: agape-une/contributions/meta_upgrade_20260805_000212.py → agape-une/contributions/meta_upgrade_20260804_235504.py
  🔗 LINKED: agape-une/contributions/meta_upgrade_20260805_003531.py → agape-une/contributions/meta_upgrade_20260804_235504.py
  🔗 LINKED: agape-une/contributions/meta_upgrade_20260805_003727.py → agape-une/contributions/meta_upgrade_20260804_235504.py
  🔗 LINKED: agape-une/contributions/meta_upgrade_20260805_005434.py → agape-une/contributions/meta_upgrade_20260804_235504.py
  🔗 LINKED: agape-une/contributions/meta_upgrade_20260805_015945.py → agape-une/contributions/meta_upgrade_20260804_235504.py
  🔗 LINKED: black-locust-rmh/handbook_energy_DV.GEN.BL.RMH.001.md → black-locust-rmh/DV.GEN.BL.RMH.001.md
  🔗 LINKED: black-locust-rmh/handbook/energy/DV.GEN.BL.RMH.001.md → black-locust-rmh/DV.GEN.BL.RMH.001.md
  🔗 LINKED: black-locust-rmh/contributions/meta_upgrade_20260805_000214.py → black-locust-rmh/contributions/meta_upgrade_20260804_235506.py
  🔗 LINKED: black-locust-rmh/contributions/meta_upgrade_20260805_003533.py → black-locust-rmh/contributions/meta_upgrade_20260804_235506.py
  🔗 LINKED: black-locust-rmh/contributions/meta_upgrade_20260805_003729.py → black-locust-rmh/contributions/meta_upgrade_20260804_235506.py
  🔗 LINKED: black-locust-rmh/contributions/meta_upgrade_20260805_005436.py → black-locust-rmh/contributions/meta_upgrade_20260804_235506.py
  🔗 LINKED: black-locust-rmh/contributions/meta_upgrade_20260805_015946.py → black-locust-rmh/contributions/meta_upgrade_20260804_235506.py
  🔗 LINKED: civilization2.0/contributions/meta_upgrade_20260805_000215.py → civilization2.0/contributions/meta_upgrade_20260804_235507.py
  🔗 LINKED: civilization2.0/contributions/meta_upgrade_20260805_003534.py → civilization2.0/contributions/meta_upgrade_20260804_235507.py
  🔗 LINKED: civilization2.0/contributions/meta_upgrade_20260805_003730.py → civilization2.0/contributions/meta_upgrade_20260804_235507.py
  🔗 LINKED: civilization2.0/contributions/meta_upgrade_20260805_005437.py → civilization2.0/contributions/meta_upgrade_20260804_235507.py
  🔗 LINKED: civilization2.0/contributions/meta_upgrade_20260805_015948.py → civilization2.0/contributions/meta_upgrade_20260804_235507.py
  🔗 LINKED: jesseray718/contributions/meta_upgrade_20260805_000217.py → jesseray718/contributions/meta_upgrade_20260804_235508.py
  🔗 LINKED: jesseray718/contributions/meta_upgrade_20260805_003535.py → jesseray718/contributions/meta_upgrade_20260804_235508.py
  🔗 LINKED: jesseray718/contributions/meta_upgrade_20260805_003731.py → jesseray718/contributions/meta_upgrade_20260804_235508.py
  🔗 LINKED: jesseray718/contributions/meta_upgrade_20260805_005438.py → jesseray718/contributions/meta_upgrade_20260804_235508.py
  🔗 LINKED: jesseray718/contributions/meta_upgrade_20260805_015948.py → jesseray718/contributions/meta_upgrade_20260804_235508.py
  🔗 LINKED: open-cell-thermal-open-cell-the/contributions/meta_upgrade_20260805_000219.py → open-cell-thermal-open-cell-the/contributions/meta_upgrade_20260804_235510.py
  🔗 LINKED: open-cell-thermal-open-cell-the/contributions/meta_upgrade_20260805_003536.py → open-cell-thermal-open-cell-the/contributions/meta_upgrade_20260804_235510.py
  🔗 LINKED: open-cell-thermal-open-cell-the/contributions/meta_upgrade_20260805_003732.py → open-cell-thermal-open-cell-the/contributions/meta_upgrade_20260804_235510.py
  🔗 LINKED: open-cell-thermal-open-cell-the/contributions/meta_upgrade_20260805_005439.py → open-cell-thermal-open-cell-the/contributions/meta_upgrade_20260804_235510.py
  🔗 LINKED: open-cell-thermal-open-cell-the/contributions/meta_upgrade_20260805_015950.py → open-cell-thermal-open-cell-the/contributions/meta_upgrade_20260804_235510.py
  🔗 LINKED: OpenCell-Thermal-System/docs/manuscript/nifa-application.md → OpenCell-Thermal-System/nifa-application.md
  🔗 LINKED: OpenCell-Thermal-System/1_code/src/pdf-compile.py → OpenCell-Thermal-System/1_code/src/pdf-comp.py
  🔗 LINKED: renaissance-protocol/library/volumes/06_ENTROPY_LEARNING/entropy_learnjng.md → OpenCell-Thermal-System/docs/manuscript/File: 06_ENTROPY_LEARNING.md
  🔗 LINKED: OpenCell-Thermal-System/contributions/meta_upgrade_20260805_000208.py → OpenCell-Thermal-System/contributions/meta_upgrade_20260804_235459.py
  🔗 LINKED: OpenCell-Thermal-System/contributions/meta_upgrade_20260805_003526.py → OpenCell-Thermal-System/contributions/meta_upgrade_20260804_235459.py
  🔗 LINKED: OpenCell-Thermal-System/contributions/meta_upgrade_20260805_003722.py → OpenCell-Thermal-System/contributions/meta_upgrade_20260804_235459.py
  🔗 LINKED: OpenCell-Thermal-System/contributions/meta_upgrade_20260805_005429.py → OpenCell-Thermal-System/contributions/meta_upgrade_20260804_235459.py
  🔗 LINKED: OpenCell-Thermal-System/contributions/meta_upgrade_20260805_015939.py → OpenCell-Thermal-System/contributions/meta_upgrade_20260804_235459.py
  🔗 LINKED: openroot/.github/copilot-instructions.md → une/docs/copilot-instructions.md
  🔗 LINKED: openroot/docs/copilot-instructions.md → une/docs/copilot-instructions.md
  🔗 LINKED: openroot/computational_flow/queue/task_2_queue.json.aiq_output → openroot/computational_flow/queue/task_1_queue.json.aiq_output
  🔗 LINKED: openroot/computational_flow/queue/task_3_queue.json.aiq_output → openroot/computational_flow/queue/task_1_queue.json.aiq_output
  🔗 LINKED: openroot/computational_flow/queue/task_4_queue.json.aiq_output → openroot/computational_flow/queue/task_1_queue.json.aiq_output
  🔗 LINKED: openroot/context_bridge/foundation_map_20260726_183722.json → openroot/context_bridge/foundation_map.json
  🔗 LINKED: openroot/context_bridge/foundation_map_20260726_185316.json → openroot/context_bridge/foundation_map.json
  🔗 LINKED: openroot/dist/publication/state.md → openroot/docs/context/state.md
  🔗 LINKED: openroot/docs/public-validation/THERMAL-CASCADE-VETIFICATION.md → openroot/dist/zenodo-upload/THERMAL-CASCADE-VETIFICATION.md
  🔗 LINKED: openroot/recovered_blueprints/050_hive_bridge.json → openroot/dump/chunks/050_hive_bridge.json
  🔗 LINKED: openroot/swarm/audits/jesseray718_20260717_041221/metrics.csv → openroot/swarm/audits/jesseray718_20260717_040954/metrics.csv
  🔗 LINKED: openroot/swarm/audits/jesseray718_20260717_041414/metrics.csv → openroot/swarm/audits/jesseray718_20260717_040954/metrics.csv
  🔗 LINKED: openroot/swarm/audits/jesseray718_20260717_041625/metrics.csv → openroot/swarm/audits/jesseray718_20260717_040954/metrics.csv
  🔗 LINKED: openroot/swarm/audits/jesseray718_20260717_042458/metrics.csv → openroot/swarm/audits/jesseray718_20260717_040954/metrics.csv
  🔗 LINKED: openroot/swarm/audits/jesseray718_20260717_042849/metrics.csv → openroot/swarm/audits/jesseray718_20260717_040954/metrics.csv
  🔗 LINKED: openroot/swarm/audits/jesseray718_20260717_043146/metrics.csv → openroot/swarm/audits/jesseray718_20260717_040954/metrics.csv
  🔗 LINKED: openroot/contributions/meta_upgrade_20260805_000223.py → openroot/contributions/meta_upgrade_20260804_235515.py
  🔗 LINKED: openroot/contributions/meta_upgrade_20260805_003542.py → openroot/contributions/meta_upgrade_20260804_235515.py
  🔗 LINKED: openroot/contributions/meta_upgrade_20260805_003737.py → openroot/contributions/meta_upgrade_20260804_235515.py
  🔗 LINKED: openroot/contributions/meta_upgrade_20260805_005443.py → openroot/contributions/meta_upgrade_20260804_235515.py
  🔗 LINKED: openroot/contributions/meta_upgrade_20260805_015954.py → openroot/contributions/meta_upgrade_20260804_235515.py
  🔗 LINKED: openroot-spoke-template/contributions/meta_upgrade_20260805_000225.py → openroot-spoke-template/contributions/meta_upgrade_20260804_235517.py
  🔗 LINKED: openroot-spoke-template/contributions/meta_upgrade_20260805_003543.py → openroot-spoke-template/contributions/meta_upgrade_20260804_235517.py
  🔗 LINKED: openroot-spoke-template/contributions/meta_upgrade_20260805_003739.py → openroot-spoke-template/contributions/meta_upgrade_20260804_235517.py
  🔗 LINKED: openroot-spoke-template/contributions/meta_upgrade_20260805_005445.py → openroot-spoke-template/contributions/meta_upgrade_20260804_235517.py
  🔗 LINKED: openroot-spoke-template/contributions/meta_upgrade_20260805_015955.py → openroot-spoke-template/contributions/meta_upgrade_20260804_235517.py
  🔗 LINKED: renaissance-protocol/library/volumes/06_ENTROPY_LEARNING/scripts/kai_unknown → renaissance-protocol/library/volumes/06_ENTROPY_LEARNING/scripts/joy_log.py
  🔗 LINKED: renaissance-protocol/contributions/meta_upgrade_20260805_000227.py → renaissance-protocol/contributions/meta_upgrade_20260804_235519.py
  🔗 LINKED: renaissance-protocol/contributions/meta_upgrade_20260805_003545.py → renaissance-protocol/contributions/meta_upgrade_20260804_235519.py
  🔗 LINKED: renaissance-protocol/contributions/meta_upgrade_20260805_003740.py → renaissance-protocol/contributions/meta_upgrade_20260804_235519.py
  🔗 LINKED: renaissance-protocol/contributions/meta_upgrade_20260805_005447.py → renaissance-protocol/contributions/meta_upgrade_20260804_235519.py
  🔗 LINKED: renaissance-protocol/contributions/meta_upgrade_20260805_015957.py → renaissance-protocol/contributions/meta_upgrade_20260804_235519.py
  🔗 LINKED: skills-introduction-to-github/contributions/meta_upgrade_20260805_000227.py → skills-introduction-to-github/contributions/meta_upgrade_20260804_235520.py
  🔗 LINKED: skills-introduction-to-github/contributions/meta_upgrade_20260805_003545.py → skills-introduction-to-github/contributions/meta_upgrade_20260804_235520.py
  🔗 LINKED: skills-introduction-to-github/contributions/meta_upgrade_20260805_003741.py → skills-introduction-to-github/contributions/meta_upgrade_20260804_235520.py
  🔗 LINKED: skills-introduction-to-github/contributions/meta_upgrade_20260805_005448.py → skills-introduction-to-github/contributions/meta_upgrade_20260804_235520.py
  🔗 LINKED: skills-introduction-to-github/contributions/meta_upgrade_20260805_015958.py → skills-introduction-to-github/contributions/meta_upgrade_20260804_235520.py
  🔗 LINKED: wisdom-scaffold/computational_flow/drill_scheduler.sh → une/computational_flow/drill_scheduler.sh
  🔗 LINKED: une/contributions/meta_upgrade_20260805_000229.py → une/contributions/meta_upgrade_20260804_235522.py
  🔗 LINKED: une/contributions/meta_upgrade_20260805_003547.py → une/contributions/meta_upgrade_20260804_235522.py
  🔗 LINKED: une/contributions/meta_upgrade_20260805_003742.py → une/contributions/meta_upgrade_20260804_235522.py
  🔗 LINKED: une/contributions/meta_upgrade_20260805_005449.py → une/contributions/meta_upgrade_20260804_235522.py
  🔗 LINKED: une/contributions/meta_upgrade_20260805_020000.py → une/contributions/meta_upgrade_20260804_235522.py
  🔗 LINKED: wisdom-scaffold/contributions/meta_upgrade_20260805_000231.py → wisdom-scaffold/contributions/meta_upgrade_20260804_235525.py
  🔗 LINKED: wisdom-scaffold/contributions/meta_upgrade_20260805_003549.py → wisdom-scaffold/contributions/meta_upgrade_20260804_235525.py
  🔗 LINKED: wisdom-scaffold/contributions/meta_upgrade_20260805_003744.py → wisdom-scaffold/contributions/meta_upgrade_20260804_235525.py
  🔗 LINKED: wisdom-scaffold/contributions/meta_upgrade_20260805_005451.py → wisdom-scaffold/contributions/meta_upgrade_20260804_235525.py
  🔗 LINKED: wisdom-scaffold/contributions/meta_upgrade_20260805_020001.py → wisdom-scaffold/contributions/meta_upgrade_20260804_235525.py
🔧 DEDUP: Consolidated 146 files into symlinks
🔧 MUTATION: Syntax fix starting...
🔧 SYNTAX: Fixed 0/60 errors
🔧 MUTATION: Hardcoded path fix starting...
🔧 PATHS: Fixed 0/363 hardcoded paths
🔧 MUTATION: Pruning old contributions...
🔧 PRUNED: 1 old contribution files

── PHASE 4: EVOLVE ──
🧬 EVOLUTION: Generating self-improvement patch...
🧬 EVOLUTION: Patch /data/data/com.termux/files/home/une/contributions/auto_evolution_20260805_022316.py generated and verified

── PHASE 5: PRACTICE ──
🔁 PRACTICE: Testing previous evolution patches...
🔁 PRACTICE: 6 passed, 0 failed out of 6 tested

── PHASE 6: SNAPSHOT ──
📸 SNAPSHOT: Capturing post-cycle state...
📸 SNAPSHOT: Saved to /data/data/com.termux/files/home/une/autonomous_snapshot.json

════════════════════════════════════════════════════════════
🏆 CYCLE COMPLETE
   Files scanned: 1456
   Problems found: 423
   Problems fixed: 147
   Lessons learned: 0
   Wisdom patterns blocked: 71
   Evolution patches generated: 1
   Fix rate: 34.8%
════════════════════════════════════════════════════════════
📋 Report saved: /data/data/com.termux/files/home/une/autonomous_report.json
Wed Aug  5 02:23:19 CDT 2026: ── Cycle complete, sleeping 1800s ──
Wed Aug  5 02:52:32 CDT 2026: ── Starting cycle ──
/data/data/com.termux/files/home/une/meta_hub/aerocement/aerocement/beacon.py:43: SyntaxWarning: "\~" is an invalid escape sequence. Such sequences will not work in the future. Did you mean "\\~"? A raw string is also an option.
  "title": "H-003 radiative-capture headline overstated \~10x (likely decimal/units error)",
/data/data/com.termux/files/home/une/meta_hub/openroot/volumetric/aero-disc/scripts/porous_exchanger_design.py:208: SyntaxWarning: "\~" is an invalid escape sequence. Such sequences will not work in the future. Did you mean "\\~"? A raw string is also an option.
  print("  Rule: NTU past \~5 buys almost nothing but extra ΔP.")
════════════════════════════════════════════════════════════
🦁 AUTONOMOUS MESH ENGINE v1.0 — CYCLE START
   Base: /data/data/com.termux/files/home/une
   Meta Hub: /data/data/com.termux/files/home/une/meta_hub
   Wisdom: /data/data/com.termux/files/home/une/wisdom/error_patterns.json
════════════════════════════════════════════════════════════

── PHASE 1: OBSERVE ──
🔍 SCANNER: Deduplication scan starting...
🔍 DEDUP: Found 40 duplicate groups, 146 redundant files, ~4040KB reclaimable
✅ WISDOM HIT: Pattern already known — duplicate_file
✅ WISDOM HIT: Pattern already known — duplicate_file
✅ WISDOM HIT: Pattern already known — duplicate_file
✅ WISDOM HIT: Pattern already known — duplicate_file
✅ WISDOM HIT: Pattern already known — duplicate_file
🔍 SCANNER: Syntax scan starting...
❌ SYNTAX ERROR: aerocement/rmh.py:56 — invalid syntax. Perhaps you forgot a comma?
✅ WISDOM HIT: Pattern already known — syntax_error
❌ SYNTAX ERROR: aerocement/scripts/data_logger.py:2 — invalid syntax
✅ WISDOM HIT: Pattern already known — syntax_error
❌ SYNTAX ERROR: aerocement/scripts/data_logger_v03.py:16 — invalid syntax. Is this intended to be part of the string?
✅ WISDOM HIT: Pattern already known — syntax_error
❌ SYNTAX ERROR: aerocement/une-dev/test_une_fixed.py:19 — invalid syntax. Perhaps you forgot a comma?
✅ WISDOM HIT: Pattern already known — syntax_error
❌ SYNTAX ERROR: agape-coordination/agape_engine.py:57 — invalid syntax. Is this intended to be part of the string?
✅ WISDOM HIT: Pattern already known — syntax_error
❌ SYNTAX ERROR: agape-coordination/swarm_core_v3.py:41 — invalid syntax
✅ WISDOM HIT: Pattern already known — syntax_error
❌ SYNTAX ERROR: OpenCell-Thermal-System/1_code/src/pdf-comp.py:1 — invalid syntax
✅ WISDOM HIT: Pattern already known — syntax_error
❌ SYNTAX ERROR: OpenCell-Thermal-System/1_code/src/pdf-compile.py:1 — invalid syntax
✅ WISDOM HIT: Pattern already known — syntax_error
❌ SYNTAX ERROR: openroot/test_configs.py:6 — invalid syntax. Is this intended to be part of the string?
✅ WISDOM HIT: Pattern already known — syntax_error
❌ SYNTAX ERROR: openroot/bin/acre_mint_claim.py:13 — invalid syntax. Is this intended to be part of the string?
✅ WISDOM HIT: Pattern already known — syntax_error
❌ SYNTAX ERROR: openroot/bin/auto_sensor_capture.py:14 — invalid syntax. Is this intended to be part of the string?
✅ WISDOM HIT: Pattern already known — syntax_error
❌ SYNTAX ERROR: openroot/bin/embed_docs.py:7 — invalid syntax. Perhaps you forgot a comma?
✅ WISDOM HIT: Pattern already known — syntax_error
❌ SYNTAX ERROR: openroot/bin/h003_resonant_solver.py:348 — invalid decimal literal
✅ WISDOM HIT: Pattern already known — syntax_error
❌ SYNTAX ERROR: openroot/bin/instrument_ledger.py:15 — invalid syntax. Is this intended to be part of the string?
✅ WISDOM HIT: Pattern already known — syntax_error
❌ SYNTAX ERROR: openroot/bin/offline_rank.py:6 — invalid syntax. Perhaps you forgot a comma?
✅ WISDOM HIT: Pattern already known — syntax_error
❌ SYNTAX ERROR: openroot/bin/offline_writer.py:12 — invalid syntax. Perhaps you forgot a comma?
✅ WISDOM HIT: Pattern already known — syntax_error
❌ SYNTAX ERROR: openroot/bin/orphan_cleanup.py:16 — invalid syntax. Is this intended to be part of the string?
✅ WISDOM HIT: Pattern already known — syntax_error
❌ SYNTAX ERROR: openroot/bin/query_agent.py:12 — invalid syntax. Perhaps you forgot a comma?
✅ WISDOM HIT: Pattern already known — syntax_error
❌ SYNTAX ERROR: openroot/bin/thermal_v62_balanced.py:300 — invalid syntax. Perhaps you forgot a comma?
✅ WISDOM HIT: Pattern already known — syntax_error
❌ SYNTAX ERROR: openroot/bin/vecquery.py:8 — invalid syntax. Perhaps you forgot a comma?
✅ WISDOM HIT: Pattern already known — syntax_error
❌ SYNTAX ERROR: openroot/context_bridge/absorb_full_session.py:5 — invalid syntax
✅ WISDOM HIT: Pattern already known — syntax_error
❌ SYNTAX ERROR: openroot/context_bridge/absorb_now.py:5 — invalid syntax
✅ WISDOM HIT: Pattern already known — syntax_error
❌ SYNTAX ERROR: openroot/context_bridge/absorb_to_wisdom.py:5 — invalid syntax
✅ WISDOM HIT: Pattern already known — syntax_error
❌ SYNTAX ERROR: openroot/context_bridge/openroot_state.py:11 — invalid syntax. Perhaps you forgot a comma?
✅ WISDOM HIT: Pattern already known — syntax_error
❌ SYNTAX ERROR: openroot/lattice/meta_mesh_engine.py:17 — invalid syntax. Is this intended to be part of the string?
✅ WISDOM HIT: Pattern already known — syntax_error
❌ SYNTAX ERROR: openroot/ledger/cpu_joules.py:5 — invalid syntax
✅ WISDOM HIT: Pattern already known — syntax_error
❌ SYNTAX ERROR: openroot/ledger/merkle_joule_ledger.py:12 — invalid syntax. Perhaps you forgot a comma?
✅ WISDOM HIT: Pattern already known — syntax_error
❌ SYNTAX ERROR: openroot/ledger/state_and_viz.py:6 — invalid syntax
✅ WISDOM HIT: Pattern already known — syntax_error
❌ SYNTAX ERROR: openroot/ledger/thermo_ledger.py:4 — invalid syntax
✅ WISDOM HIT: Pattern already known — syntax_error
❌ SYNTAX ERROR: openroot/ledger/thermo_ledger_sqlite.py:5 — invalid syntax
✅ WISDOM HIT: Pattern already known — syntax_error
❌ SYNTAX ERROR: renaissance-protocol/src/log_temp.py:1 — invalid syntax
✅ WISDOM HIT: Pattern already known — syntax_error
❌ SYNTAX ERROR: une/absorb_batch.py:90 — invalid syntax. Is this intended to be part of the string?
✅ WISDOM HIT: Pattern already known — syntax_error
❌ SYNTAX ERROR: une/alchemy_transmute.py:115 — invalid syntax. Perhaps you forgot a comma?
✅ WISDOM HIT: Pattern already known — syntax_error
❌ SYNTAX ERROR: une/create_scripture_corpus.py:1039 — '{' was never closed
✅ WISDOM HIT: Pattern already known — syntax_error
❌ SYNTAX ERROR: une/evolution_engine.py:9 — invalid syntax. Is this intended to be part of the string?
✅ WISDOM HIT: Pattern already known — syntax_error
❌ SYNTAX ERROR: une/guardian.py:21 — invalid syntax. Is this intended to be part of the string?
✅ WISDOM HIT: Pattern already known — syntax_error
❌ SYNTAX ERROR: une/guardian_v4.py:12 — invalid syntax. Is this intended to be part of the string?
✅ WISDOM HIT: Pattern already known — syntax_error
❌ SYNTAX ERROR: une/kernel_init.py:10 — invalid syntax. Is this intended to be part of the string?
✅ WISDOM HIT: Pattern already known — syntax_error
❌ SYNTAX ERROR: une/note.py:6 — invalid syntax. Is this intended to be part of the string?
✅ WISDOM HIT: Pattern already known — syntax_error
❌ SYNTAX ERROR: une/self_clone.py:10 — invalid syntax
✅ WISDOM HIT: Pattern already known — syntax_error
❌ SYNTAX ERROR: une/snapshot.py:15 — invalid syntax. Perhaps you forgot a comma?
✅ WISDOM HIT: Pattern already known — syntax_error
❌ SYNTAX ERROR: une/swarm_query.py:31 — invalid syntax
✅ WISDOM HIT: Pattern already known — syntax_error
❌ SYNTAX ERROR: une/wire_core.py:13 — invalid syntax. Perhaps you forgot a comma?
✅ WISDOM HIT: Pattern already known — syntax_error
❌ SYNTAX ERROR: une/computational_flow/atomic_scan.py:17 — invalid syntax. Perhaps you forgot a comma?
✅ WISDOM HIT: Pattern already known — syntax_error
❌ SYNTAX ERROR: une/computational_flow/extract_seed.py:41 — invalid syntax. Perhaps you forgot a comma?
✅ WISDOM HIT: Pattern already known — syntax_error
❌ SYNTAX ERROR: une/computational_flow/fs_hook.py:14 — invalid syntax. Perhaps you forgot a comma?
✅ WISDOM HIT: Pattern already known — syntax_error
❌ SYNTAX ERROR: une/computational_flow/push_proof.py:17 — invalid syntax
✅ WISDOM HIT: Pattern already known — syntax_error
❌ SYNTAX ERROR: une/tools/stream_of_thought.py:14 — invalid syntax. Is this intended to be part of the string?
✅ WISDOM HIT: Pattern already known — syntax_error
❌ SYNTAX ERROR: wisdom-scaffold/computational_flow/fusion_core.py:58 — invalid syntax. Is this intended to be part of the string?
✅ WISDOM HIT: Pattern already known — syntax_error
❌ SYNTAX ERROR: wisdom-scaffold/computational_flow/fusion_sensor_wrapper.py:43 — invalid syntax. Perhaps you forgot a comma?
✅ WISDOM HIT: Pattern already known — syntax_error
🔍 SYNTAX: Found 50 syntax errors
🔍 SCANNER: Hardcoded path scan starting...
🔍 PATHS: Found 288 hardcoded path references
✅ WISDOM HIT: Pattern already known — hardcoded_path
✅ WISDOM HIT: Pattern already known — hardcoded_path
✅ WISDOM HIT: Pattern already known — hardcoded_path
✅ WISDOM HIT: Pattern already known — hardcoded_path
✅ WISDOM HIT: Pattern already known — hardcoded_path
🔍 SCANNER: Contributions bloat scan starting...
🔍 CONTRIBUTIONS: 6 files, 1 can be pruned
✅ WISDOM HIT: Pattern already known — contributions_bloat

── PHASE 2: DIAGNOSE ──
   Total problems found: 338
   Lessons learned: 0
   Known patterns blocked: 61

── PHASE 3: MUTATE ──
🔧 MUTATION: Deduplication fix starting...
  🔗 LINKED: aerocement/data/.gitkeep → une/une/__init__.py
  🔗 LINKED: OpenCell-Thermal-System/0_data/raw/raw_data.csv → une/une/__init__.py
  🔗 LINKED: OpenCell-Thermal-System/docs/specifications/permissions-audit.txt → une/une/__init__.py
  🔗 LINKED: openroot/relay/input.txt → une/une/__init__.py
  🔗 LINKED: openroot-spoke-template/bom/.gitkeep → une/une/__init__.py
  🔗 LINKED: openroot-spoke-template/cad/.gitkeep → une/une/__init__.py
  🔗 LINKED: openroot-spoke-template/docs/.gitkeep → une/une/__init__.py
  🔗 LINKED: openroot-spoke-template/src/.gitkeep → une/une/__init__.py
  🔗 LINKED: renaissance-protocol/docs/case_studies/README.md → une/une/__init__.py
  🔗 LINKED: renaissance-protocol/docs/engineering/README.md → une/une/__init__.py
  🔗 LINKED: renaissance-protocol/hardware/hho/README.md → une/une/__init__.py
  🔗 LINKED: renaissance-protocol/hardware/labyrinth/README.md → une/une/__init__.py
  🔗 LINKED: renaissance-protocol/hardware/panels/README.md → une/une/__init__.py
  🔗 LINKED: renaissance-protocol/hardware/stirling/README.md → une/une/__init__.py
  🔗 LINKED: renaissance-protocol/hardware/welder/HHO_Electrolysis_Module.md → une/une/__init__.py
  🔗 LINKED: renaissance-protocol/library/volumes/README.md → une/une/__init__.py
  🔗 LINKED: renaissance-protocol/src/README.md → une/une/__init__.py
  🔗 LINKED: wisdom-scaffold/--body → une/une/__init__.py
  🔗 LINKED: wisdom-scaffold/--label → une/une/__init__.py
  🔗 LINKED: wisdom-scaffold/--repo → une/une/__init__.py
  🔗 LINKED: wisdom-scaffold/--title → une/une/__init__.py
  🔗 LINKED: openroot/recovered_blueprints/une_h003_capture.sh → aerocement/observations/une_h003_capture.sh
  🔗 LINKED: openroot/computational_flow/tasks/task_h003.json → aerocement/swarm/tasks/task_h003.json
  🔗 LINKED: openroot/une_protocol/demo_final.py → aerocement/une-dev/demo_final.py
  🔗 LINKED: openroot/recovered_blueprints/une_server_old.py → aerocement/une-dev/une_server_old.py
  🔗 LINKED: aerocement/contributions/meta_upgrade_20260805_000209.py → aerocement/contributions/meta_upgrade_20260804_235501.py
  🔗 LINKED: aerocement/contributions/meta_upgrade_20260805_003528.py → aerocement/contributions/meta_upgrade_20260804_235501.py
  🔗 LINKED: aerocement/contributions/meta_upgrade_20260805_003724.py → aerocement/contributions/meta_upgrade_20260804_235501.py
  🔗 LINKED: aerocement/contributions/meta_upgrade_20260805_005431.py → aerocement/contributions/meta_upgrade_20260804_235501.py
  🔗 LINKED: aerocement/contributions/meta_upgrade_20260805_015941.py → aerocement/contributions/meta_upgrade_20260804_235501.py
  🔗 LINKED: aerocement-/.gitignore → agape-une/.gitignore
  🔗 LINKED: agape-coordination/.gitignore → agape-une/.gitignore
  🔗 LINKED: black-locust-rmh/.gitignore → agape-une/.gitignore
  🔗 LINKED: civilization2.0/.gitignore → agape-une/.gitignore
  🔗 LINKED: open-cell-thermal-open-cell-the/.gitignore → agape-une/.gitignore
  🔗 LINKED: OpenCell-Thermal-System/.gitignore → agape-une/.gitignore
  🔗 LINKED: wisdom-scaffold/.gitignore → agape-une/.gitignore
  🔗 LINKED: aerocement-/LICENSE → agape-une/LICENSE
  🔗 LINKED: AeroCement_Ecosystem/LICENSE → agape-une/LICENSE
  🔗 LINKED: agape-coordination/LICENSE → agape-une/LICENSE
  🔗 LINKED: black-locust-rmh/LICENSE → agape-une/LICENSE
  🔗 LINKED: civilization2.0/LICENSE → agape-une/LICENSE
  🔗 LINKED: jesseray718/LICENSE → agape-une/LICENSE
  🔗 LINKED: open-cell-thermal-open-cell-the/LICENSE → agape-une/LICENSE
  🔗 LINKED: aerocement-/contributions/meta_upgrade_20260805_000210.py → aerocement-/contributions/meta_upgrade_20260804_235502.py
  🔗 LINKED: aerocement-/contributions/meta_upgrade_20260805_003529.py → aerocement-/contributions/meta_upgrade_20260804_235502.py
  🔗 LINKED: aerocement-/contributions/meta_upgrade_20260805_003725.py → aerocement-/contributions/meta_upgrade_20260804_235502.py
  🔗 LINKED: aerocement-/contributions/meta_upgrade_20260805_005432.py → aerocement-/contributions/meta_upgrade_20260804_235502.py
  🔗 LINKED: aerocement-/contributions/meta_upgrade_20260805_015942.py → aerocement-/contributions/meta_upgrade_20260804_235502.py
  🔗 LINKED: AeroCement_Ecosystem/contributions/meta_upgrade_20260805_000206.py → AeroCement_Ecosystem/contributions/meta_upgrade_20260804_235457.py
  🔗 LINKED: AeroCement_Ecosystem/contributions/meta_upgrade_20260805_003525.py → AeroCement_Ecosystem/contributions/meta_upgrade_20260804_235457.py
  🔗 LINKED: AeroCement_Ecosystem/contributions/meta_upgrade_20260805_003721.py → AeroCement_Ecosystem/contributions/meta_upgrade_20260804_235457.py
  🔗 LINKED: AeroCement_Ecosystem/contributions/meta_upgrade_20260805_005428.py → AeroCement_Ecosystem/contributions/meta_upgrade_20260804_235457.py
  🔗 LINKED: AeroCement_Ecosystem/contributions/meta_upgrade_20260805_015938.py → AeroCement_Ecosystem/contributions/meta_upgrade_20260804_235457.py
  🔗 LINKED: agape-coordination/AGAPE_THESIS.md → une/AGAPE_THESIS.md
  🔗 LINKED: une/computational_flow/agape_stress_test.py → agape-coordination/agape_stress_test.py
  🔗 LINKED: une/computational_flow/cosmic_query_engine.py → agape-coordination/cosmic_query_engine.py
  🔗 LINKED: une/computational_flow/thermal_cascade_optimizer.py → agape-coordination/thermal_cascade_optimizer.py
  🔗 LINKED: agape-coordination/contributions/meta_upgrade_20260805_000211.py → agape-coordination/contributions/meta_upgrade_20260804_235503.py
  🔗 LINKED: agape-coordination/contributions/meta_upgrade_20260805_003530.py → agape-coordination/contributions/meta_upgrade_20260804_235503.py
  🔗 LINKED: agape-coordination/contributions/meta_upgrade_20260805_003726.py → agape-coordination/contributions/meta_upgrade_20260804_235503.py
  🔗 LINKED: agape-coordination/contributions/meta_upgrade_20260805_005433.py → agape-coordination/contributions/meta_upgrade_20260804_235503.py
  🔗 LINKED: agape-coordination/contributions/meta_upgrade_20260805_015943.py → agape-coordination/contributions/meta_upgrade_20260804_235503.py
  🔗 LINKED: agape-une/contributions/meta_upgrade_20260805_000212.py → agape-une/contributions/meta_upgrade_20260804_235504.py
  🔗 LINKED: agape-une/contributions/meta_upgrade_20260805_003531.py → agape-une/contributions/meta_upgrade_20260804_235504.py
  🔗 LINKED: agape-une/contributions/meta_upgrade_20260805_003727.py → agape-une/contributions/meta_upgrade_20260804_235504.py
  🔗 LINKED: agape-une/contributions/meta_upgrade_20260805_005434.py → agape-une/contributions/meta_upgrade_20260804_235504.py
  🔗 LINKED: agape-une/contributions/meta_upgrade_20260805_015945.py → agape-une/contributions/meta_upgrade_20260804_235504.py
  🔗 LINKED: black-locust-rmh/handbook_energy_DV.GEN.BL.RMH.001.md → black-locust-rmh/DV.GEN.BL.RMH.001.md
  🔗 LINKED: black-locust-rmh/handbook/energy/DV.GEN.BL.RMH.001.md → black-locust-rmh/DV.GEN.BL.RMH.001.md
  🔗 LINKED: black-locust-rmh/contributions/meta_upgrade_20260805_000214.py → black-locust-rmh/contributions/meta_upgrade_20260804_235506.py
  🔗 LINKED: black-locust-rmh/contributions/meta_upgrade_20260805_003533.py → black-locust-rmh/contributions/meta_upgrade_20260804_235506.py
  🔗 LINKED: black-locust-rmh/contributions/meta_upgrade_20260805_003729.py → black-locust-rmh/contributions/meta_upgrade_20260804_235506.py
  🔗 LINKED: black-locust-rmh/contributions/meta_upgrade_20260805_005436.py → black-locust-rmh/contributions/meta_upgrade_20260804_235506.py
  🔗 LINKED: black-locust-rmh/contributions/meta_upgrade_20260805_015946.py → black-locust-rmh/contributions/meta_upgrade_20260804_235506.py
  🔗 LINKED: civilization2.0/contributions/meta_upgrade_20260805_000215.py → civilization2.0/contributions/meta_upgrade_20260804_235507.py
  🔗 LINKED: civilization2.0/contributions/meta_upgrade_20260805_003534.py → civilization2.0/contributions/meta_upgrade_20260804_235507.py
  🔗 LINKED: civilization2.0/contributions/meta_upgrade_20260805_003730.py → civilization2.0/contributions/meta_upgrade_20260804_235507.py
  🔗 LINKED: civilization2.0/contributions/meta_upgrade_20260805_005437.py → civilization2.0/contributions/meta_upgrade_20260804_235507.py
  🔗 LINKED: civilization2.0/contributions/meta_upgrade_20260805_015948.py → civilization2.0/contributions/meta_upgrade_20260804_235507.py
  🔗 LINKED: jesseray718/contributions/meta_upgrade_20260805_000217.py → jesseray718/contributions/meta_upgrade_20260804_235508.py
  🔗 LINKED: jesseray718/contributions/meta_upgrade_20260805_003535.py → jesseray718/contributions/meta_upgrade_20260804_235508.py
  🔗 LINKED: jesseray718/contributions/meta_upgrade_20260805_003731.py → jesseray718/contributions/meta_upgrade_20260804_235508.py
  🔗 LINKED: jesseray718/contributions/meta_upgrade_20260805_005438.py → jesseray718/contributions/meta_upgrade_20260804_235508.py
  🔗 LINKED: jesseray718/contributions/meta_upgrade_20260805_015948.py → jesseray718/contributions/meta_upgrade_20260804_235508.py
  🔗 LINKED: open-cell-thermal-open-cell-the/contributions/meta_upgrade_20260805_000219.py → open-cell-thermal-open-cell-the/contributions/meta_upgrade_20260804_235510.py
  🔗 LINKED: open-cell-thermal-open-cell-the/contributions/meta_upgrade_20260805_003536.py → open-cell-thermal-open-cell-the/contributions/meta_upgrade_20260804_235510.py
  🔗 LINKED: open-cell-thermal-open-cell-the/contributions/meta_upgrade_20260805_003732.py → open-cell-thermal-open-cell-the/contributions/meta_upgrade_20260804_235510.py
  🔗 LINKED: open-cell-thermal-open-cell-the/contributions/meta_upgrade_20260805_005439.py → open-cell-thermal-open-cell-the/contributions/meta_upgrade_20260804_235510.py
  🔗 LINKED: open-cell-thermal-open-cell-the/contributions/meta_upgrade_20260805_015950.py → open-cell-thermal-open-cell-the/contributions/meta_upgrade_20260804_235510.py
  🔗 LINKED: OpenCell-Thermal-System/docs/manuscript/nifa-application.md → OpenCell-Thermal-System/nifa-application.md
  🔗 LINKED: OpenCell-Thermal-System/1_code/src/pdf-compile.py → OpenCell-Thermal-System/1_code/src/pdf-comp.py
  🔗 LINKED: renaissance-protocol/library/volumes/06_ENTROPY_LEARNING/entropy_learnjng.md → OpenCell-Thermal-System/docs/manuscript/File: 06_ENTROPY_LEARNING.md
  🔗 LINKED: OpenCell-Thermal-System/contributions/meta_upgrade_20260805_000208.py → OpenCell-Thermal-System/contributions/meta_upgrade_20260804_235459.py
  🔗 LINKED: OpenCell-Thermal-System/contributions/meta_upgrade_20260805_003526.py → OpenCell-Thermal-System/contributions/meta_upgrade_20260804_235459.py
  🔗 LINKED: OpenCell-Thermal-System/contributions/meta_upgrade_20260805_003722.py → OpenCell-Thermal-System/contributions/meta_upgrade_20260804_235459.py
  🔗 LINKED: OpenCell-Thermal-System/contributions/meta_upgrade_20260805_005429.py → OpenCell-Thermal-System/contributions/meta_upgrade_20260804_235459.py
  🔗 LINKED: OpenCell-Thermal-System/contributions/meta_upgrade_20260805_015939.py → OpenCell-Thermal-System/contributions/meta_upgrade_20260804_235459.py
  🔗 LINKED: openroot/.github/copilot-instructions.md → une/docs/copilot-instructions.md
  🔗 LINKED: openroot/docs/copilot-instructions.md → une/docs/copilot-instructions.md
  🔗 LINKED: openroot/computational_flow/queue/task_2_queue.json.aiq_output → openroot/computational_flow/queue/task_1_queue.json.aiq_output
  🔗 LINKED: openroot/computational_flow/queue/task_3_queue.json.aiq_output → openroot/computational_flow/queue/task_1_queue.json.aiq_output
  🔗 LINKED: openroot/computational_flow/queue/task_4_queue.json.aiq_output → openroot/computational_flow/queue/task_1_queue.json.aiq_output
  🔗 LINKED: openroot/context_bridge/foundation_map_20260726_183722.json → openroot/context_bridge/foundation_map.json
  🔗 LINKED: openroot/context_bridge/foundation_map_20260726_185316.json → openroot/context_bridge/foundation_map.json
  🔗 LINKED: openroot/dist/publication/state.md → openroot/docs/context/state.md
  🔗 LINKED: openroot/docs/public-validation/THERMAL-CASCADE-VETIFICATION.md → openroot/dist/zenodo-upload/THERMAL-CASCADE-VETIFICATION.md
  🔗 LINKED: openroot/recovered_blueprints/050_hive_bridge.json → openroot/dump/chunks/050_hive_bridge.json
  🔗 LINKED: openroot/swarm/audits/jesseray718_20260717_041221/metrics.csv → openroot/swarm/audits/jesseray718_20260717_040954/metrics.csv
  🔗 LINKED: openroot/swarm/audits/jesseray718_20260717_041414/metrics.csv → openroot/swarm/audits/jesseray718_20260717_040954/metrics.csv
  🔗 LINKED: openroot/swarm/audits/jesseray718_20260717_041625/metrics.csv → openroot/swarm/audits/jesseray718_20260717_040954/metrics.csv
  🔗 LINKED: openroot/swarm/audits/jesseray718_20260717_042458/metrics.csv → openroot/swarm/audits/jesseray718_20260717_040954/metrics.csv
  🔗 LINKED: openroot/swarm/audits/jesseray718_20260717_042849/metrics.csv → openroot/swarm/audits/jesseray718_20260717_040954/metrics.csv
  🔗 LINKED: openroot/swarm/audits/jesseray718_20260717_043146/metrics.csv → openroot/swarm/audits/jesseray718_20260717_040954/metrics.csv
  🔗 LINKED: openroot/contributions/meta_upgrade_20260805_000223.py → openroot/contributions/meta_upgrade_20260804_235515.py
  🔗 LINKED: openroot/contributions/meta_upgrade_20260805_003542.py → openroot/contributions/meta_upgrade_20260804_235515.py
  🔗 LINKED: openroot/contributions/meta_upgrade_20260805_003737.py → openroot/contributions/meta_upgrade_20260804_235515.py
  🔗 LINKED: openroot/contributions/meta_upgrade_20260805_005443.py → openroot/contributions/meta_upgrade_20260804_235515.py
  🔗 LINKED: openroot/contributions/meta_upgrade_20260805_015954.py → openroot/contributions/meta_upgrade_20260804_235515.py
  🔗 LINKED: openroot-spoke-template/contributions/meta_upgrade_20260805_000225.py → openroot-spoke-template/contributions/meta_upgrade_20260804_235517.py
  🔗 LINKED: openroot-spoke-template/contributions/meta_upgrade_20260805_003543.py → openroot-spoke-template/contributions/meta_upgrade_20260804_235517.py
  🔗 LINKED: openroot-spoke-template/contributions/meta_upgrade_20260805_003739.py → openroot-spoke-template/contributions/meta_upgrade_20260804_235517.py
  🔗 LINKED: openroot-spoke-template/contributions/meta_upgrade_20260805_005445.py → openroot-spoke-template/contributions/meta_upgrade_20260804_235517.py
  🔗 LINKED: openroot-spoke-template/contributions/meta_upgrade_20260805_015955.py → openroot-spoke-template/contributions/meta_upgrade_20260804_235517.py
  🔗 LINKED: renaissance-protocol/library/volumes/06_ENTROPY_LEARNING/scripts/kai_unknown → renaissance-protocol/library/volumes/06_ENTROPY_LEARNING/scripts/joy_log.py
  🔗 LINKED: renaissance-protocol/contributions/meta_upgrade_20260805_000227.py → renaissance-protocol/contributions/meta_upgrade_20260804_235519.py
  🔗 LINKED: renaissance-protocol/contributions/meta_upgrade_20260805_003545.py → renaissance-protocol/contributions/meta_upgrade_20260804_235519.py
  🔗 LINKED: renaissance-protocol/contributions/meta_upgrade_20260805_003740.py → renaissance-protocol/contributions/meta_upgrade_20260804_235519.py
  🔗 LINKED: renaissance-protocol/contributions/meta_upgrade_20260805_005447.py → renaissance-protocol/contributions/meta_upgrade_20260804_235519.py
  🔗 LINKED: renaissance-protocol/contributions/meta_upgrade_20260805_015957.py → renaissance-protocol/contributions/meta_upgrade_20260804_235519.py
  🔗 LINKED: skills-introduction-to-github/contributions/meta_upgrade_20260805_000227.py → skills-introduction-to-github/contributions/meta_upgrade_20260804_235520.py
  🔗 LINKED: skills-introduction-to-github/contributions/meta_upgrade_20260805_003545.py → skills-introduction-to-github/contributions/meta_upgrade_20260804_235520.py
  🔗 LINKED: skills-introduction-to-github/contributions/meta_upgrade_20260805_003741.py → skills-introduction-to-github/contributions/meta_upgrade_20260804_235520.py
  🔗 LINKED: skills-introduction-to-github/contributions/meta_upgrade_20260805_005448.py → skills-introduction-to-github/contributions/meta_upgrade_20260804_235520.py
  🔗 LINKED: skills-introduction-to-github/contributions/meta_upgrade_20260805_015958.py → skills-introduction-to-github/contributions/meta_upgrade_20260804_235520.py
  🔗 LINKED: wisdom-scaffold/computational_flow/drill_scheduler.sh → une/computational_flow/drill_scheduler.sh
  🔗 LINKED: une/contributions/meta_upgrade_20260805_000229.py → une/contributions/meta_upgrade_20260804_235522.py
  🔗 LINKED: une/contributions/meta_upgrade_20260805_003547.py → une/contributions/meta_upgrade_20260804_235522.py
  🔗 LINKED: une/contributions/meta_upgrade_20260805_003742.py → une/contributions/meta_upgrade_20260804_235522.py
  🔗 LINKED: une/contributions/meta_upgrade_20260805_005449.py → une/contributions/meta_upgrade_20260804_235522.py
  🔗 LINKED: une/contributions/meta_upgrade_20260805_020000.py → une/contributions/meta_upgrade_20260804_235522.py
  🔗 LINKED: wisdom-scaffold/contributions/meta_upgrade_20260805_000231.py → wisdom-scaffold/contributions/meta_upgrade_20260804_235525.py
  🔗 LINKED: wisdom-scaffold/contributions/meta_upgrade_20260805_003549.py → wisdom-scaffold/contributions/meta_upgrade_20260804_235525.py
  🔗 LINKED: wisdom-scaffold/contributions/meta_upgrade_20260805_003744.py → wisdom-scaffold/contributions/meta_upgrade_20260804_235525.py
  🔗 LINKED: wisdom-scaffold/contributions/meta_upgrade_20260805_005451.py → wisdom-scaffold/contributions/meta_upgrade_20260804_235525.py
  🔗 LINKED: wisdom-scaffold/contributions/meta_upgrade_20260805_020001.py → wisdom-scaffold/contributions/meta_upgrade_20260804_235525.py
🔧 DEDUP: Consolidated 146 files into symlinks
🔧 MUTATION: Syntax fix starting...
🔧 SYNTAX: Fixed 0/50 errors
🔧 MUTATION: Hardcoded path fix starting...
🔧 PATHS: Fixed 0/288 hardcoded paths
🔧 MUTATION: Pruning old contributions...
🔧 PRUNED: 1 old contribution files

── PHASE 4: EVOLVE ──
🧬 EVOLUTION: Generating self-improvement patch...
🧬 EVOLUTION: Patch /data/data/com.termux/files/home/une/contributions/auto_evolution_20260805_025235.py generated and verified

── PHASE 5: PRACTICE ──
🔁 PRACTICE: Testing previous evolution patches...
🔁 PRACTICE: 6 passed, 0 failed out of 6 tested

── PHASE 6: SNAPSHOT ──
📸 SNAPSHOT: Capturing post-cycle state...
📸 SNAPSHOT: Saved to /data/data/com.termux/files/home/une/autonomous_snapshot.json

════════════════════════════════════════════════════════════
🏆 CYCLE COMPLETE
   Files scanned: 1446
   Problems found: 338
   Problems fixed: 147
   Lessons learned: 0
   Wisdom patterns blocked: 61
   Evolution patches generated: 1
   Fix rate: 43.5%
════════════════════════════════════════════════════════════
📋 Report saved: /data/data/com.termux/files/home/une/autonomous_report.json
Wed Aug  5 02:52:38 CDT 2026: ── Cycle complete, sleeping 1800s ──
Wed Aug  5 02:53:19 CDT 2026: ── Starting cycle ──
/data/data/com.termux/files/home/une/meta_hub/aerocement/aerocement/beacon.py:43: SyntaxWarning: "\~" is an invalid escape sequence. Such sequences will not work in the future. Did you mean "\\~"? A raw string is also an option.
  "title": "H-003 radiative-capture headline overstated \~10x (likely decimal/units error)",
/data/data/com.termux/files/home/une/meta_hub/openroot/volumetric/aero-disc/scripts/porous_exchanger_design.py:208: SyntaxWarning: "\~" is an invalid escape sequence. Such sequences will not work in the future. Did you mean "\\~"? A raw string is also an option.
  print("  Rule: NTU past \~5 buys almost nothing but extra ΔP.")
════════════════════════════════════════════════════════════
🦁 AUTONOMOUS MESH ENGINE v1.0 — CYCLE START
   Base: /data/data/com.termux/files/home/une
   Meta Hub: /data/data/com.termux/files/home/une/meta_hub
   Wisdom: /data/data/com.termux/files/home/une/wisdom/error_patterns.json
════════════════════════════════════════════════════════════

── PHASE 1: OBSERVE ──
🔍 SCANNER: Deduplication scan starting...
🔍 DEDUP: Found 40 duplicate groups, 146 redundant files, ~4040KB reclaimable
✅ WISDOM HIT: Pattern already known — duplicate_file
✅ WISDOM HIT: Pattern already known — duplicate_file
✅ WISDOM HIT: Pattern already known — duplicate_file
✅ WISDOM HIT: Pattern already known — duplicate_file
✅ WISDOM HIT: Pattern already known — duplicate_file
🔍 SCANNER: Syntax scan starting...
❌ SYNTAX ERROR: aerocement/rmh.py:56 — invalid syntax. Perhaps you forgot a comma?
✅ WISDOM HIT: Pattern already known — syntax_error
❌ SYNTAX ERROR: aerocement/scripts/data_logger.py:2 — invalid syntax
✅ WISDOM HIT: Pattern already known — syntax_error
❌ SYNTAX ERROR: aerocement/scripts/data_logger_v03.py:16 — invalid syntax. Is this intended to be part of the string?
✅ WISDOM HIT: Pattern already known — syntax_error
❌ SYNTAX ERROR: aerocement/une-dev/test_une_fixed.py:19 — invalid syntax. Perhaps you forgot a comma?
✅ WISDOM HIT: Pattern already known — syntax_error
❌ SYNTAX ERROR: agape-coordination/agape_engine.py:57 — invalid syntax. Is this intended to be part of the string?
✅ WISDOM HIT: Pattern already known — syntax_error
❌ SYNTAX ERROR: agape-coordination/swarm_core_v3.py:41 — invalid syntax
✅ WISDOM HIT: Pattern already known — syntax_error
❌ SYNTAX ERROR: OpenCell-Thermal-System/1_code/src/pdf-comp.py:1 — invalid syntax
✅ WISDOM HIT: Pattern already known — syntax_error
❌ SYNTAX ERROR: OpenCell-Thermal-System/1_code/src/pdf-compile.py:1 — invalid syntax
✅ WISDOM HIT: Pattern already known — syntax_error
❌ SYNTAX ERROR: openroot/test_configs.py:6 — invalid syntax. Is this intended to be part of the string?
✅ WISDOM HIT: Pattern already known — syntax_error
❌ SYNTAX ERROR: openroot/bin/acre_mint_claim.py:13 — invalid syntax. Is this intended to be part of the string?
✅ WISDOM HIT: Pattern already known — syntax_error
❌ SYNTAX ERROR: openroot/bin/auto_sensor_capture.py:14 — invalid syntax. Is this intended to be part of the string?
✅ WISDOM HIT: Pattern already known — syntax_error
❌ SYNTAX ERROR: openroot/bin/embed_docs.py:7 — invalid syntax. Perhaps you forgot a comma?
✅ WISDOM HIT: Pattern already known — syntax_error
❌ SYNTAX ERROR: openroot/bin/h003_resonant_solver.py:348 — invalid decimal literal
✅ WISDOM HIT: Pattern already known — syntax_error
❌ SYNTAX ERROR: openroot/bin/instrument_ledger.py:15 — invalid syntax. Is this intended to be part of the string?
✅ WISDOM HIT: Pattern already known — syntax_error
❌ SYNTAX ERROR: openroot/bin/offline_rank.py:6 — invalid syntax. Perhaps you forgot a comma?
✅ WISDOM HIT: Pattern already known — syntax_error
❌ SYNTAX ERROR: openroot/bin/offline_writer.py:12 — invalid syntax. Perhaps you forgot a comma?
✅ WISDOM HIT: Pattern already known — syntax_error
❌ SYNTAX ERROR: openroot/bin/orphan_cleanup.py:16 — invalid syntax. Is this intended to be part of the string?
✅ WISDOM HIT: Pattern already known — syntax_error
❌ SYNTAX ERROR: openroot/bin/query_agent.py:12 — invalid syntax. Perhaps you forgot a comma?
✅ WISDOM HIT: Pattern already known — syntax_error
❌ SYNTAX ERROR: openroot/bin/thermal_v62_balanced.py:300 — invalid syntax. Perhaps you forgot a comma?
✅ WISDOM HIT: Pattern already known — syntax_error
❌ SYNTAX ERROR: openroot/bin/vecquery.py:8 — invalid syntax. Perhaps you forgot a comma?
✅ WISDOM HIT: Pattern already known — syntax_error
❌ SYNTAX ERROR: openroot/context_bridge/absorb_full_session.py:5 — invalid syntax
✅ WISDOM HIT: Pattern already known — syntax_error
❌ SYNTAX ERROR: openroot/context_bridge/absorb_now.py:5 — invalid syntax
✅ WISDOM HIT: Pattern already known — syntax_error
❌ SYNTAX ERROR: openroot/context_bridge/absorb_to_wisdom.py:5 — invalid syntax
✅ WISDOM HIT: Pattern already known — syntax_error
❌ SYNTAX ERROR: openroot/context_bridge/openroot_state.py:11 — invalid syntax. Perhaps you forgot a comma?
✅ WISDOM HIT: Pattern already known — syntax_error
❌ SYNTAX ERROR: openroot/lattice/meta_mesh_engine.py:17 — invalid syntax. Is this intended to be part of the string?
✅ WISDOM HIT: Pattern already known — syntax_error
❌ SYNTAX ERROR: openroot/ledger/cpu_joules.py:5 — invalid syntax
✅ WISDOM HIT: Pattern already known — syntax_error
❌ SYNTAX ERROR: openroot/ledger/merkle_joule_ledger.py:12 — invalid syntax. Perhaps you forgot a comma?
✅ WISDOM HIT: Pattern already known — syntax_error
❌ SYNTAX ERROR: openroot/ledger/state_and_viz.py:6 — invalid syntax
✅ WISDOM HIT: Pattern already known — syntax_error
❌ SYNTAX ERROR: openroot/ledger/thermo_ledger.py:4 — invalid syntax
✅ WISDOM HIT: Pattern already known — syntax_error
❌ SYNTAX ERROR: openroot/ledger/thermo_ledger_sqlite.py:5 — invalid syntax
✅ WISDOM HIT: Pattern already known — syntax_error
❌ SYNTAX ERROR: renaissance-protocol/src/log_temp.py:1 — invalid syntax
✅ WISDOM HIT: Pattern already known — syntax_error
❌ SYNTAX ERROR: une/absorb_batch.py:90 — invalid syntax. Is this intended to be part of the string?
✅ WISDOM HIT: Pattern already known — syntax_error
❌ SYNTAX ERROR: une/alchemy_transmute.py:115 — invalid syntax. Perhaps you forgot a comma?
✅ WISDOM HIT: Pattern already known — syntax_error
❌ SYNTAX ERROR: une/create_scripture_corpus.py:1039 — '{' was never closed
✅ WISDOM HIT: Pattern already known — syntax_error
❌ SYNTAX ERROR: une/evolution_engine.py:9 — invalid syntax. Is this intended to be part of the string?
✅ WISDOM HIT: Pattern already known — syntax_error
❌ SYNTAX ERROR: une/guardian.py:21 — invalid syntax. Is this intended to be part of the string?
✅ WISDOM HIT: Pattern already known — syntax_error
❌ SYNTAX ERROR: une/guardian_v4.py:12 — invalid syntax. Is this intended to be part of the string?
✅ WISDOM HIT: Pattern already known — syntax_error
❌ SYNTAX ERROR: une/kernel_init.py:10 — invalid syntax. Is this intended to be part of the string?
✅ WISDOM HIT: Pattern already known — syntax_error
❌ SYNTAX ERROR: une/note.py:6 — invalid syntax. Is this intended to be part of the string?
✅ WISDOM HIT: Pattern already known — syntax_error
❌ SYNTAX ERROR: une/self_clone.py:10 — invalid syntax
✅ WISDOM HIT: Pattern already known — syntax_error
❌ SYNTAX ERROR: une/snapshot.py:15 — invalid syntax. Perhaps you forgot a comma?
✅ WISDOM HIT: Pattern already known — syntax_error
❌ SYNTAX ERROR: une/swarm_query.py:31 — invalid syntax
✅ WISDOM HIT: Pattern already known — syntax_error
❌ SYNTAX ERROR: une/wire_core.py:13 — invalid syntax. Perhaps you forgot a comma?
✅ WISDOM HIT: Pattern already known — syntax_error
❌ SYNTAX ERROR: une/computational_flow/atomic_scan.py:17 — invalid syntax. Perhaps you forgot a comma?
✅ WISDOM HIT: Pattern already known — syntax_error
❌ SYNTAX ERROR: une/computational_flow/extract_seed.py:41 — invalid syntax. Perhaps you forgot a comma?
✅ WISDOM HIT: Pattern already known — syntax_error
❌ SYNTAX ERROR: une/computational_flow/fs_hook.py:14 — invalid syntax. Perhaps you forgot a comma?
✅ WISDOM HIT: Pattern already known — syntax_error
❌ SYNTAX ERROR: une/computational_flow/push_proof.py:17 — invalid syntax
✅ WISDOM HIT: Pattern already known — syntax_error
❌ SYNTAX ERROR: une/tools/stream_of_thought.py:14 — invalid syntax. Is this intended to be part of the string?
✅ WISDOM HIT: Pattern already known — syntax_error
❌ SYNTAX ERROR: wisdom-scaffold/computational_flow/fusion_core.py:58 — invalid syntax. Is this intended to be part of the string?
✅ WISDOM HIT: Pattern already known — syntax_error
❌ SYNTAX ERROR: wisdom-scaffold/computational_flow/fusion_sensor_wrapper.py:43 — invalid syntax. Perhaps you forgot a comma?
✅ WISDOM HIT: Pattern already known — syntax_error
🔍 SYNTAX: Found 50 syntax errors
🔍 SCANNER: Hardcoded path scan starting...
🔍 PATHS: Found 288 hardcoded path references
✅ WISDOM HIT: Pattern already known — hardcoded_path
✅ WISDOM HIT: Pattern already known — hardcoded_path
✅ WISDOM HIT: Pattern already known — hardcoded_path
✅ WISDOM HIT: Pattern already known — hardcoded_path
✅ WISDOM HIT: Pattern already known — hardcoded_path
🔍 SCANNER: Contributions bloat scan starting...
🔍 CONTRIBUTIONS: 6 files, 1 can be pruned
✅ WISDOM HIT: Pattern already known — contributions_bloat

── PHASE 2: DIAGNOSE ──
   Total problems found: 338
   Lessons learned: 0
   Known patterns blocked: 61

── PHASE 3: MUTATE ──
🔧 MUTATION: Deduplication fix starting...
  🔗 LINKED: aerocement/data/.gitkeep → une/une/__init__.py
  🔗 LINKED: OpenCell-Thermal-System/0_data/raw/raw_data.csv → une/une/__init__.py
  🔗 LINKED: OpenCell-Thermal-System/docs/specifications/permissions-audit.txt → une/une/__init__.py
  🔗 LINKED: openroot/relay/input.txt → une/une/__init__.py
  🔗 LINKED: openroot-spoke-template/bom/.gitkeep → une/une/__init__.py
  🔗 LINKED: openroot-spoke-template/cad/.gitkeep → une/une/__init__.py
  🔗 LINKED: openroot-spoke-template/docs/.gitkeep → une/une/__init__.py
  🔗 LINKED: openroot-spoke-template/src/.gitkeep → une/une/__init__.py
  🔗 LINKED: renaissance-protocol/docs/case_studies/README.md → une/une/__init__.py
  🔗 LINKED: renaissance-protocol/docs/engineering/README.md → une/une/__init__.py
  🔗 LINKED: renaissance-protocol/hardware/hho/README.md → une/une/__init__.py
  🔗 LINKED: renaissance-protocol/hardware/labyrinth/README.md → une/une/__init__.py
  🔗 LINKED: renaissance-protocol/hardware/panels/README.md → une/une/__init__.py
  🔗 LINKED: renaissance-protocol/hardware/stirling/README.md → une/une/__init__.py
  🔗 LINKED: renaissance-protocol/hardware/welder/HHO_Electrolysis_Module.md → une/une/__init__.py
  🔗 LINKED: renaissance-protocol/library/volumes/README.md → une/une/__init__.py
  🔗 LINKED: renaissance-protocol/src/README.md → une/une/__init__.py
  🔗 LINKED: wisdom-scaffold/--body → une/une/__init__.py
  🔗 LINKED: wisdom-scaffold/--label → une/une/__init__.py
  🔗 LINKED: wisdom-scaffold/--repo → une/une/__init__.py
  🔗 LINKED: wisdom-scaffold/--title → une/une/__init__.py
  🔗 LINKED: openroot/recovered_blueprints/une_h003_capture.sh → aerocement/observations/une_h003_capture.sh
  🔗 LINKED: openroot/computational_flow/tasks/task_h003.json → aerocement/swarm/tasks/task_h003.json
  🔗 LINKED: openroot/une_protocol/demo_final.py → aerocement/une-dev/demo_final.py
  🔗 LINKED: openroot/recovered_blueprints/une_server_old.py → aerocement/une-dev/une_server_old.py
  🔗 LINKED: aerocement/contributions/meta_upgrade_20260805_000209.py → aerocement/contributions/meta_upgrade_20260804_235501.py
  🔗 LINKED: aerocement/contributions/meta_upgrade_20260805_003528.py → aerocement/contributions/meta_upgrade_20260804_235501.py
  🔗 LINKED: aerocement/contributions/meta_upgrade_20260805_003724.py → aerocement/contributions/meta_upgrade_20260804_235501.py
  🔗 LINKED: aerocement/contributions/meta_upgrade_20260805_005431.py → aerocement/contributions/meta_upgrade_20260804_235501.py
  🔗 LINKED: aerocement/contributions/meta_upgrade_20260805_015941.py → aerocement/contributions/meta_upgrade_20260804_235501.py
  🔗 LINKED: aerocement-/.gitignore → agape-une/.gitignore
  🔗 LINKED: agape-coordination/.gitignore → agape-une/.gitignore
  🔗 LINKED: black-locust-rmh/.gitignore → agape-une/.gitignore
  🔗 LINKED: civilization2.0/.gitignore → agape-une/.gitignore
  🔗 LINKED: open-cell-thermal-open-cell-the/.gitignore → agape-une/.gitignore
  🔗 LINKED: OpenCell-Thermal-System/.gitignore → agape-une/.gitignore
  🔗 LINKED: wisdom-scaffold/.gitignore → agape-une/.gitignore
  🔗 LINKED: aerocement-/LICENSE → agape-une/LICENSE
  🔗 LINKED: AeroCement_Ecosystem/LICENSE → agape-une/LICENSE
  🔗 LINKED: agape-coordination/LICENSE → agape-une/LICENSE
  🔗 LINKED: black-locust-rmh/LICENSE → agape-une/LICENSE
  🔗 LINKED: civilization2.0/LICENSE → agape-une/LICENSE
  🔗 LINKED: jesseray718/LICENSE → agape-une/LICENSE
  🔗 LINKED: open-cell-thermal-open-cell-the/LICENSE → agape-une/LICENSE
  🔗 LINKED: aerocement-/contributions/meta_upgrade_20260805_000210.py → aerocement-/contributions/meta_upgrade_20260804_235502.py
  🔗 LINKED: aerocement-/contributions/meta_upgrade_20260805_003529.py → aerocement-/contributions/meta_upgrade_20260804_235502.py
  🔗 LINKED: aerocement-/contributions/meta_upgrade_20260805_003725.py → aerocement-/contributions/meta_upgrade_20260804_235502.py
  🔗 LINKED: aerocement-/contributions/meta_upgrade_20260805_005432.py → aerocement-/contributions/meta_upgrade_20260804_235502.py
  🔗 LINKED: aerocement-/contributions/meta_upgrade_20260805_015942.py → aerocement-/contributions/meta_upgrade_20260804_235502.py
  🔗 LINKED: AeroCement_Ecosystem/contributions/meta_upgrade_20260805_000206.py → AeroCement_Ecosystem/contributions/meta_upgrade_20260804_235457.py
  🔗 LINKED: AeroCement_Ecosystem/contributions/meta_upgrade_20260805_003525.py → AeroCement_Ecosystem/contributions/meta_upgrade_20260804_235457.py
  🔗 LINKED: AeroCement_Ecosystem/contributions/meta_upgrade_20260805_003721.py → AeroCement_Ecosystem/contributions/meta_upgrade_20260804_235457.py
  🔗 LINKED: AeroCement_Ecosystem/contributions/meta_upgrade_20260805_005428.py → AeroCement_Ecosystem/contributions/meta_upgrade_20260804_235457.py
  🔗 LINKED: AeroCement_Ecosystem/contributions/meta_upgrade_20260805_015938.py → AeroCement_Ecosystem/contributions/meta_upgrade_20260804_235457.py
  🔗 LINKED: agape-coordination/AGAPE_THESIS.md → une/AGAPE_THESIS.md
  🔗 LINKED: une/computational_flow/agape_stress_test.py → agape-coordination/agape_stress_test.py
  🔗 LINKED: une/computational_flow/cosmic_query_engine.py → agape-coordination/cosmic_query_engine.py
  🔗 LINKED: une/computational_flow/thermal_cascade_optimizer.py → agape-coordination/thermal_cascade_optimizer.py
  🔗 LINKED: agape-coordination/contributions/meta_upgrade_20260805_000211.py → agape-coordination/contributions/meta_upgrade_20260804_235503.py
  🔗 LINKED: agape-coordination/contributions/meta_upgrade_20260805_003530.py → agape-coordination/contributions/meta_upgrade_20260804_235503.py
  🔗 LINKED: agape-coordination/contributions/meta_upgrade_20260805_003726.py → agape-coordination/contributions/meta_upgrade_20260804_235503.py
  🔗 LINKED: agape-coordination/contributions/meta_upgrade_20260805_005433.py → agape-coordination/contributions/meta_upgrade_20260804_235503.py
  🔗 LINKED: agape-coordination/contributions/meta_upgrade_20260805_015943.py → agape-coordination/contributions/meta_upgrade_20260804_235503.py
  🔗 LINKED: agape-une/contributions/meta_upgrade_20260805_000212.py → agape-une/contributions/meta_upgrade_20260804_235504.py
  🔗 LINKED: agape-une/contributions/meta_upgrade_20260805_003531.py → agape-une/contributions/meta_upgrade_20260804_235504.py
  🔗 LINKED: agape-une/contributions/meta_upgrade_20260805_003727.py → agape-une/contributions/meta_upgrade_20260804_235504.py
  🔗 LINKED: agape-une/contributions/meta_upgrade_20260805_005434.py → agape-une/contributions/meta_upgrade_20260804_235504.py
  🔗 LINKED: agape-une/contributions/meta_upgrade_20260805_015945.py → agape-une/contributions/meta_upgrade_20260804_235504.py
  🔗 LINKED: black-locust-rmh/handbook_energy_DV.GEN.BL.RMH.001.md → black-locust-rmh/DV.GEN.BL.RMH.001.md
  🔗 LINKED: black-locust-rmh/handbook/energy/DV.GEN.BL.RMH.001.md → black-locust-rmh/DV.GEN.BL.RMH.001.md
  🔗 LINKED: black-locust-rmh/contributions/meta_upgrade_20260805_000214.py → black-locust-rmh/contributions/meta_upgrade_20260804_235506.py
  🔗 LINKED: black-locust-rmh/contributions/meta_upgrade_20260805_003533.py → black-locust-rmh/contributions/meta_upgrade_20260804_235506.py
  🔗 LINKED: black-locust-rmh/contributions/meta_upgrade_20260805_003729.py → black-locust-rmh/contributions/meta_upgrade_20260804_235506.py
  🔗 LINKED: black-locust-rmh/contributions/meta_upgrade_20260805_005436.py → black-locust-rmh/contributions/meta_upgrade_20260804_235506.py
  🔗 LINKED: black-locust-rmh/contributions/meta_upgrade_20260805_015946.py → black-locust-rmh/contributions/meta_upgrade_20260804_235506.py
  🔗 LINKED: civilization2.0/contributions/meta_upgrade_20260805_000215.py → civilization2.0/contributions/meta_upgrade_20260804_235507.py
  🔗 LINKED: civilization2.0/contributions/meta_upgrade_20260805_003534.py → civilization2.0/contributions/meta_upgrade_20260804_235507.py
  🔗 LINKED: civilization2.0/contributions/meta_upgrade_20260805_003730.py → civilization2.0/contributions/meta_upgrade_20260804_235507.py
  🔗 LINKED: civilization2.0/contributions/meta_upgrade_20260805_005437.py → civilization2.0/contributions/meta_upgrade_20260804_235507.py
  🔗 LINKED: civilization2.0/contributions/meta_upgrade_20260805_015948.py → civilization2.0/contributions/meta_upgrade_20260804_235507.py
  🔗 LINKED: jesseray718/contributions/meta_upgrade_20260805_000217.py → jesseray718/contributions/meta_upgrade_20260804_235508.py
  🔗 LINKED: jesseray718/contributions/meta_upgrade_20260805_003535.py → jesseray718/contributions/meta_upgrade_20260804_235508.py
  🔗 LINKED: jesseray718/contributions/meta_upgrade_20260805_003731.py → jesseray718/contributions/meta_upgrade_20260804_235508.py
  🔗 LINKED: jesseray718/contributions/meta_upgrade_20260805_005438.py → jesseray718/contributions/meta_upgrade_20260804_235508.py
  🔗 LINKED: jesseray718/contributions/meta_upgrade_20260805_015948.py → jesseray718/contributions/meta_upgrade_20260804_235508.py
  🔗 LINKED: open-cell-thermal-open-cell-the/contributions/meta_upgrade_20260805_000219.py → open-cell-thermal-open-cell-the/contributions/meta_upgrade_20260804_235510.py
  🔗 LINKED: open-cell-thermal-open-cell-the/contributions/meta_upgrade_20260805_003536.py → open-cell-thermal-open-cell-the/contributions/meta_upgrade_20260804_235510.py
  🔗 LINKED: open-cell-thermal-open-cell-the/contributions/meta_upgrade_20260805_003732.py → open-cell-thermal-open-cell-the/contributions/meta_upgrade_20260804_235510.py
  🔗 LINKED: open-cell-thermal-open-cell-the/contributions/meta_upgrade_20260805_005439.py → open-cell-thermal-open-cell-the/contributions/meta_upgrade_20260804_235510.py
  🔗 LINKED: open-cell-thermal-open-cell-the/contributions/meta_upgrade_20260805_015950.py → open-cell-thermal-open-cell-the/contributions/meta_upgrade_20260804_235510.py
  🔗 LINKED: OpenCell-Thermal-System/docs/manuscript/nifa-application.md → OpenCell-Thermal-System/nifa-application.md
  🔗 LINKED: OpenCell-Thermal-System/1_code/src/pdf-compile.py → OpenCell-Thermal-System/1_code/src/pdf-comp.py
  🔗 LINKED: renaissance-protocol/library/volumes/06_ENTROPY_LEARNING/entropy_learnjng.md → OpenCell-Thermal-System/docs/manuscript/File: 06_ENTROPY_LEARNING.md
  🔗 LINKED: OpenCell-Thermal-System/contributions/meta_upgrade_20260805_000208.py → OpenCell-Thermal-System/contributions/meta_upgrade_20260804_235459.py
  🔗 LINKED: OpenCell-Thermal-System/contributions/meta_upgrade_20260805_003526.py → OpenCell-Thermal-System/contributions/meta_upgrade_20260804_235459.py
  🔗 LINKED: OpenCell-Thermal-System/contributions/meta_upgrade_20260805_003722.py → OpenCell-Thermal-System/contributions/meta_upgrade_20260804_235459.py
  🔗 LINKED: OpenCell-Thermal-System/contributions/meta_upgrade_20260805_005429.py → OpenCell-Thermal-System/contributions/meta_upgrade_20260804_235459.py
  🔗 LINKED: OpenCell-Thermal-System/contributions/meta_upgrade_20260805_015939.py → OpenCell-Thermal-System/contributions/meta_upgrade_20260804_235459.py
  🔗 LINKED: openroot/.github/copilot-instructions.md → une/docs/copilot-instructions.md
  🔗 LINKED: openroot/docs/copilot-instructions.md → une/docs/copilot-instructions.md
  🔗 LINKED: openroot/computational_flow/queue/task_2_queue.json.aiq_output → openroot/computational_flow/queue/task_1_queue.json.aiq_output
  🔗 LINKED: openroot/computational_flow/queue/task_3_queue.json.aiq_output → openroot/computational_flow/queue/task_1_queue.json.aiq_output
  🔗 LINKED: openroot/computational_flow/queue/task_4_queue.json.aiq_output → openroot/computational_flow/queue/task_1_queue.json.aiq_output
  🔗 LINKED: openroot/context_bridge/foundation_map_20260726_183722.json → openroot/context_bridge/foundation_map.json
  🔗 LINKED: openroot/context_bridge/foundation_map_20260726_185316.json → openroot/context_bridge/foundation_map.json
  🔗 LINKED: openroot/dist/publication/state.md → openroot/docs/context/state.md
  🔗 LINKED: openroot/docs/public-validation/THERMAL-CASCADE-VETIFICATION.md → openroot/dist/zenodo-upload/THERMAL-CASCADE-VETIFICATION.md
  🔗 LINKED: openroot/recovered_blueprints/050_hive_bridge.json → openroot/dump/chunks/050_hive_bridge.json
  🔗 LINKED: openroot/swarm/audits/jesseray718_20260717_041221/metrics.csv → openroot/swarm/audits/jesseray718_20260717_040954/metrics.csv
  🔗 LINKED: openroot/swarm/audits/jesseray718_20260717_041414/metrics.csv → openroot/swarm/audits/jesseray718_20260717_040954/metrics.csv
  🔗 LINKED: openroot/swarm/audits/jesseray718_20260717_041625/metrics.csv → openroot/swarm/audits/jesseray718_20260717_040954/metrics.csv
  🔗 LINKED: openroot/swarm/audits/jesseray718_20260717_042458/metrics.csv → openroot/swarm/audits/jesseray718_20260717_040954/metrics.csv
  🔗 LINKED: openroot/swarm/audits/jesseray718_20260717_042849/metrics.csv → openroot/swarm/audits/jesseray718_20260717_040954/metrics.csv
  🔗 LINKED: openroot/swarm/audits/jesseray718_20260717_043146/metrics.csv → openroot/swarm/audits/jesseray718_20260717_040954/metrics.csv
  🔗 LINKED: openroot/contributions/meta_upgrade_20260805_000223.py → openroot/contributions/meta_upgrade_20260804_235515.py
  🔗 LINKED: openroot/contributions/meta_upgrade_20260805_003542.py → openroot/contributions/meta_upgrade_20260804_235515.py
  🔗 LINKED: openroot/contributions/meta_upgrade_20260805_003737.py → openroot/contributions/meta_upgrade_20260804_235515.py
  🔗 LINKED: openroot/contributions/meta_upgrade_20260805_005443.py → openroot/contributions/meta_upgrade_20260804_235515.py
  🔗 LINKED: openroot/contributions/meta_upgrade_20260805_015954.py → openroot/contributions/meta_upgrade_20260804_235515.py
  🔗 LINKED: openroot-spoke-template/contributions/meta_upgrade_20260805_000225.py → openroot-spoke-template/contributions/meta_upgrade_20260804_235517.py
  🔗 LINKED: openroot-spoke-template/contributions/meta_upgrade_20260805_003543.py → openroot-spoke-template/contributions/meta_upgrade_20260804_235517.py
  🔗 LINKED: openroot-spoke-template/contributions/meta_upgrade_20260805_003739.py → openroot-spoke-template/contributions/meta_upgrade_20260804_235517.py
  🔗 LINKED: openroot-spoke-template/contributions/meta_upgrade_20260805_005445.py → openroot-spoke-template/contributions/meta_upgrade_20260804_235517.py
  🔗 LINKED: openroot-spoke-template/contributions/meta_upgrade_20260805_015955.py → openroot-spoke-template/contributions/meta_upgrade_20260804_235517.py
  🔗 LINKED: renaissance-protocol/library/volumes/06_ENTROPY_LEARNING/scripts/kai_unknown → renaissance-protocol/library/volumes/06_ENTROPY_LEARNING/scripts/joy_log.py
  🔗 LINKED: renaissance-protocol/contributions/meta_upgrade_20260805_000227.py → renaissance-protocol/contributions/meta_upgrade_20260804_235519.py
  🔗 LINKED: renaissance-protocol/contributions/meta_upgrade_20260805_003545.py → renaissance-protocol/contributions/meta_upgrade_20260804_235519.py
  🔗 LINKED: renaissance-protocol/contributions/meta_upgrade_20260805_003740.py → renaissance-protocol/contributions/meta_upgrade_20260804_235519.py
  🔗 LINKED: renaissance-protocol/contributions/meta_upgrade_20260805_005447.py → renaissance-protocol/contributions/meta_upgrade_20260804_235519.py
  🔗 LINKED: renaissance-protocol/contributions/meta_upgrade_20260805_015957.py → renaissance-protocol/contributions/meta_upgrade_20260804_235519.py
  🔗 LINKED: skills-introduction-to-github/contributions/meta_upgrade_20260805_000227.py → skills-introduction-to-github/contributions/meta_upgrade_20260804_235520.py
  🔗 LINKED: skills-introduction-to-github/contributions/meta_upgrade_20260805_003545.py → skills-introduction-to-github/contributions/meta_upgrade_20260804_235520.py
  🔗 LINKED: skills-introduction-to-github/contributions/meta_upgrade_20260805_003741.py → skills-introduction-to-github/contributions/meta_upgrade_20260804_235520.py
  🔗 LINKED: skills-introduction-to-github/contributions/meta_upgrade_20260805_005448.py → skills-introduction-to-github/contributions/meta_upgrade_20260804_235520.py
  🔗 LINKED: skills-introduction-to-github/contributions/meta_upgrade_20260805_015958.py → skills-introduction-to-github/contributions/meta_upgrade_20260804_235520.py
  🔗 LINKED: wisdom-scaffold/computational_flow/drill_scheduler.sh → une/computational_flow/drill_scheduler.sh
  🔗 LINKED: une/contributions/meta_upgrade_20260805_000229.py → une/contributions/meta_upgrade_20260804_235522.py
  🔗 LINKED: une/contributions/meta_upgrade_20260805_003547.py → une/contributions/meta_upgrade_20260804_235522.py
  🔗 LINKED: une/contributions/meta_upgrade_20260805_003742.py → une/contributions/meta_upgrade_20260804_235522.py
  🔗 LINKED: une/contributions/meta_upgrade_20260805_005449.py → une/contributions/meta_upgrade_20260804_235522.py
  🔗 LINKED: une/contributions/meta_upgrade_20260805_020000.py → une/contributions/meta_upgrade_20260804_235522.py
  🔗 LINKED: wisdom-scaffold/contributions/meta_upgrade_20260805_000231.py → wisdom-scaffold/contributions/meta_upgrade_20260804_235525.py
  🔗 LINKED: wisdom-scaffold/contributions/meta_upgrade_20260805_003549.py → wisdom-scaffold/contributions/meta_upgrade_20260804_235525.py
  🔗 LINKED: wisdom-scaffold/contributions/meta_upgrade_20260805_003744.py → wisdom-scaffold/contributions/meta_upgrade_20260804_235525.py
  🔗 LINKED: wisdom-scaffold/contributions/meta_upgrade_20260805_005451.py → wisdom-scaffold/contributions/meta_upgrade_20260804_235525.py
  🔗 LINKED: wisdom-scaffold/contributions/meta_upgrade_20260805_020001.py → wisdom-scaffold/contributions/meta_upgrade_20260804_235525.py
🔧 DEDUP: Consolidated 146 files into symlinks
🔧 MUTATION: Syntax fix starting...
🔧 SYNTAX: Fixed 0/50 errors
🔧 MUTATION: Hardcoded path fix starting...
🔧 PATHS: Fixed 0/288 hardcoded paths
🔧 MUTATION: Pruning old contributions...
🔧 PRUNED: 1 old contribution files

── PHASE 4: EVOLVE ──
🧬 EVOLUTION: Generating self-improvement patch...
🧬 EVOLUTION: Patch /data/data/com.termux/files/home/une/contributions/auto_evolution_20260805_025321.py generated and verified

── PHASE 5: PRACTICE ──
🔁 PRACTICE: Testing previous evolution patches...
🔁 PRACTICE: 6 passed, 0 failed out of 6 tested

── PHASE 6: SNAPSHOT ──
📸 SNAPSHOT: Capturing post-cycle state...
📸 SNAPSHOT: Saved to /data/data/com.termux/files/home/une/autonomous_snapshot.json

════════════════════════════════════════════════════════════
🏆 CYCLE COMPLETE
   Files scanned: 1446
   Problems found: 338
   Problems fixed: 147
   Lessons learned: 0
   Wisdom patterns blocked: 61
   Evolution patches generated: 1
   Fix rate: 43.5%
════════════════════════════════════════════════════════════
📋 Report saved: /data/data/com.termux/files/home/une/autonomous_report.json
Wed Aug  5 02:53:22 CDT 2026: ── Cycle complete, sleeping 1800s ──
